,name,impact,phase,attack-object-key
0,CVE Vulnerability List,Primary Impact,Phase 2,0
1,CVE Vulnerability List,Exploitation Technique,Phase 2,1
2,CVE Vulnerability List,Exploitation Technique,Phase 2,2
3,CVE Vulnerability List,Primary Impact,Phase 2,3
4,CVE Vulnerability List,Secondary Impact,Phase 2,4
5,CVE Vulnerability List,Exploitation Technique,Phase 2,5
6,CVE Vulnerability List,Primary Impact,Phase 2,6
7,CVE Vulnerability List,Primary Impact,Phase 2,7
8,CVE Vulnerability List,Exploitation Technique,Phase 2,8
9,CVE Vulnerability List,Exploitation Technique,Phase 2,9
10,CVE Vulnerability List,Primary Impact,Phase 2,10
11,CVE Vulnerability List,Exploitation Technique,Phase 2,11
12,CVE Vulnerability List,Primary Impact,Phase 2,12
13,CVE Vulnerability List,Secondary Impact,Phase 2,13
14,CVE Vulnerability List,Exploitation Technique,Phase 2,14
15,CVE Vulnerability List,Primary Impact,Phase 2,15
16,CVE Vulnerability List,Secondary Impact,Phase 2,16
17,CVE Vulnerability List,Exploitation Technique,Phase 2,17
18,CVE Vulnerability List,Exploitation Technique,Phase 2,18
19,CVE Vulnerability List,Primary Impact,Phase 2,19
20,CVE Vulnerability List,Secondary Impact,Phase 2,20
21,CVE Vulnerability List,Primary Impact,Phase 2,21
22,CVE Vulnerability List,Secondary Impact,Phase 2,22
23,CVE Vulnerability List,Primary Impact,Phase 2,23
24,CVE Vulnerability List,Secondary Impact,Phase 2,24
25,CVE Vulnerability List,Secondary Impact,Phase 2,25
26,CVE Vulnerability List,Exploitation Technique,Phase 2,26
27,CVE Vulnerability List,Exploitation Technique,Phase 2,27
28,CVE Vulnerability List,Primary Impact,Phase 2,28
29,CVE Vulnerability List,Secondary Impact,Phase 2,29
30,CVE Vulnerability List,Secondary Impact,Phase 2,30
31,CVE Vulnerability List,Exploitation Technique,Phase 2,31
32,CVE Vulnerability List,Exploitation Technique,Phase 2,32
33,CVE Vulnerability List,Primary Impact,Phase 2,33
34,CVE Vulnerability List,Exploitation Technique,Phase 2,34
35,CVE Vulnerability List,Primary Impact,Phase 2,35
36,CVE Vulnerability List,Secondary Impact,Phase 2,36
37,CVE Vulnerability List,Exploitation Technique,Phase 2,37
38,CVE Vulnerability List,Primary Impact,Phase 2,38
39,CVE Vulnerability List,Secondary Impact,Phase 2,39
40,CVE Vulnerability List,Exploitation Technique,Phase 2,40
41,CVE Vulnerability List,Exploitation Technique,Phase 2,41
42,CVE Vulnerability List,Primary Impact,Phase 2,42
43,CVE Vulnerability List,Secondary Impact,Phase 2,43
44,CVE Vulnerability List,Exploitation Technique,Phase 2,44
45,CVE Vulnerability List,Primary Impact,Phase 2,45
46,CVE Vulnerability List,Secondary Impact,Phase 2,46
47,CVE Vulnerability List,Exploitation Technique,Phase 2,47
48,CVE Vulnerability List,Primary Impact,Phase 2,48
49,CVE Vulnerability List,Secondary Impact,Phase 2,49
50,CVE Vulnerability List,Exploitation Technique,Phase 2,50
51,CVE Vulnerability List,Exploitation Technique,Phase 2,51
52,CVE Vulnerability List,Primary Impact,Phase 2,52
53,CVE Vulnerability List,Exploitation Technique,Phase 2,53
54,CVE Vulnerability List,Primary Impact,Phase 2,54
55,CVE Vulnerability List,Exploitation Technique,Phase 2,55
56,CVE Vulnerability List,Primary Impact,Phase 2,56
57,CVE Vulnerability List,Secondary Impact,Phase 2,57
58,CVE Vulnerability List,Exploitation Technique,Phase 2,58
59,CVE Vulnerability List,Primary Impact,Phase 2,59
60,CVE Vulnerability List,Secondary Impact,Phase 2,60
61,CVE Vulnerability List,Exploitation Technique,Phase 2,61
62,CVE Vulnerability List,Primary Impact,Phase 2,62
63,CVE Vulnerability List,Exploitation Technique,Phase 2,63
64,CVE Vulnerability List,Primary Impact,Phase 2,64
65,CVE Vulnerability List,Exploitation Technique,Phase 2,65
66,CVE Vulnerability List,Exploitation Technique,Phase 2,66
67,CVE Vulnerability List,Primary Impact,Phase 2,67
68,CVE Vulnerability List,Secondary Impact,Phase 2,68
69,CVE Vulnerability List,Exploitation Technique,Phase 2,69
70,CVE Vulnerability List,Primary Impact,Phase 2,70
71,CVE Vulnerability List,Exploitation Technique,Phase 2,71
72,CVE Vulnerability List,Exploitation Technique,Phase 2,72
73,CVE Vulnerability List,Primary Impact,Phase 2,73
74,CVE Vulnerability List,Secondary Impact,Phase 2,74
75,CVE Vulnerability List,Exploitation Technique,Phase 2,75
76,CVE Vulnerability List,Primary Impact,Phase 2,76
77,CVE Vulnerability List,Secondary Impact,Phase 2,77
78,CVE Vulnerability List,Primary Impact,Phase 2,78
79,CVE Vulnerability List,Secondary Impact,Phase 2,79
80,CVE Vulnerability List,Exploitation Technique,Phase 2,80
81,CVE Vulnerability List,Primary Impact,Phase 2,81
82,CVE Vulnerability List,Exploitation Technique,Phase 2,82
83,CVE Vulnerability List,Primary Impact,Phase 2,83
84,CVE Vulnerability List,Secondary Impact,Phase 2,84
85,CVE Vulnerability List,Exploitation Technique,Phase 2,85
86,CVE Vulnerability List,Primary Impact,Phase 2,86
87,CVE Vulnerability List,Exploitation Technique,Phase 2,87
88,CVE Vulnerability List,Primary Impact,Phase 2,88
89,CVE Vulnerability List,Primary Impact,Phase 2,89
90,CVE Vulnerability List,Exploitation Technique,Phase 2,90
91,CVE Vulnerability List,Primary Impact,Phase 2,91
92,CVE Vulnerability List,Exploitation Technique,Phase 2,92
93,CVE Vulnerability List,Primary Impact,Phase 2,93
94,CVE Vulnerability List,Exploitation Technique,Phase 2,94
95,CVE Vulnerability List,Primary Impact,Phase 2,95
96,CVE Vulnerability List,Secondary Impact,Phase 2,96
97,CVE Vulnerability List,Primary Impact,Phase 2,97
98,CVE Vulnerability List,Secondary Impact,Phase 2,98
99,CVE Vulnerability List,Primary Impact,Phase 2,99
100,CVE Vulnerability List,Exploitation Technique,Phase 2,100
101,CVE Vulnerability List,Primary Impact,Phase 2,101
102,CVE Vulnerability List,Primary Impact,Phase 2,102
103,CVE Vulnerability List,Primary Impact,Phase 2,103
104,CVE Vulnerability List,Exploitation Technique,Phase 2,104
105,CVE Vulnerability List,Primary Impact,Phase 2,105
106,CVE Vulnerability List,Exploitation Technique,Phase 2,106
107,CVE Vulnerability List,Primary Impact,Phase 2,107
108,CVE Vulnerability List,Primary Impact,Phase 2,108
109,CVE Vulnerability List,Exploitation Technique,Phase 2,109
110,CVE Vulnerability List,Primary Impact,Phase 2,110
111,CVE Vulnerability List,Secondary Impact,Phase 2,111
112,CVE Vulnerability List,Secondary Impact,Phase 2,112
113,CVE Vulnerability List,Primary Impact,Phase 2,113
114,CVE Vulnerability List,Exploitation Technique,Phase 2,114
115,CVE Vulnerability List,Primary Impact,Phase 2,115
116,CVE Vulnerability List,Secondary Impact,Phase 2,116
117,CVE Vulnerability List,Primary Impact,Phase 2,117
118,CVE Vulnerability List,Exploitation Technique,Phase 2,118
119,CVE Vulnerability List,Primary Impact,Phase 2,119
120,CVE Vulnerability List,Exploitation Technique,Phase 2,120
121,CVE Vulnerability List,Primary Impact,Phase 2,121
122,CVE Vulnerability List,Exploitation Technique,Phase 2,122
123,CVE Vulnerability List,Primary Impact,Phase 2,123
124,CVE Vulnerability List,Primary Impact,Phase 2,124
125,CVE Vulnerability List,Primary Impact,Phase 2,125
126,CVE Vulnerability List,Primary Impact,Phase 2,126
127,CVE Vulnerability List,Exploitation Technique,Phase 2,127
128,CVE Vulnerability List,Primary Impact,Phase 2,128
129,CVE Vulnerability List,Secondary Impact,Phase 2,129
130,CVE Vulnerability List,Exploitation Technique,Phase 2,130
131,CVE Vulnerability List,Primary Impact,Phase 2,131
132,CVE Vulnerability List,Secondary Impact,Phase 2,132
133,CVE Vulnerability List,Exploitation Technique,Phase 2,133
134,CVE Vulnerability List,Primary Impact,Phase 2,134
135,CVE Vulnerability List,Secondary Impact,Phase 2,135
136,CVE Vulnerability List,Exploitation Technique,Phase 2,136
137,CVE Vulnerability List,Primary Impact,Phase 2,137
138,CVE Vulnerability List,Secondary Impact,Phase 2,138
139,CVE Vulnerability List,Primary Impact,Phase 2,139
140,CVE Vulnerability List,Exploitation Technique,Phase 2,140
141,CVE Vulnerability List,Primary Impact,Phase 2,141
142,CVE Vulnerability List,Secondary Impact,Phase 2,142
143,CVE Vulnerability List,Primary Impact,Phase 2,143
144,CVE Vulnerability List,Exploitation Technique,Phase 2,144
145,CVE Vulnerability List,Exploitation Technique,Phase 2,145
146,CVE Vulnerability List,Primary Impact,Phase 2,146
147,CVE Vulnerability List,Exploitation Technique,Phase 2,147
148,CVE Vulnerability List,Primary Impact,Phase 2,148
149,CVE Vulnerability List,Exploitation Technique,Phase 2,149
150,CVE Vulnerability List,Primary Impact,Phase 2,150
151,CVE Vulnerability List,Exploitation Technique,Phase 2,151
152,CVE Vulnerability List,Exploitation Technique,Phase 2,152
153,CVE Vulnerability List,Primary Impact,Phase 2,153
154,CVE Vulnerability List,Secondary Impact,Phase 2,154
155,CVE Vulnerability List,Exploitation Technique,Phase 2,155
156,CVE Vulnerability List,Primary Impact,Phase 2,156
157,CVE Vulnerability List,Exploitation Technique,Phase 2,157
158,CVE Vulnerability List,Primary Impact,Phase 2,158
159,CVE Vulnerability List,Exploitation Technique,Phase 2,159
160,CVE Vulnerability List,Exploitation Technique,Phase 2,160
161,CVE Vulnerability List,Primary Impact,Phase 2,161
162,CVE Vulnerability List,Secondary Impact,Phase 2,162
163,CVE Vulnerability List,Primary Impact,Phase 2,163
164,CVE Vulnerability List,Secondary Impact,Phase 2,164
165,CVE Vulnerability List,Exploitation Technique,Phase 2,165
166,CVE Vulnerability List,Primary Impact,Phase 2,166
167,CVE Vulnerability List,Secondary Impact,Phase 2,167
168,CVE Vulnerability List,Exploitation Technique,Phase 2,168
169,CVE Vulnerability List,Exploitation Technique,Phase 2,169
170,CVE Vulnerability List,Primary Impact,Phase 2,170
171,CVE Vulnerability List,Primary Impact,Phase 2,171
172,CVE Vulnerability List,Primary Impact,Phase 2,172
173,CVE Vulnerability List,Exploitation Technique,Phase 2,173
174,CVE Vulnerability List,Primary Impact,Phase 2,174
175,CVE Vulnerability List,Secondary Impact,Phase 2,175
176,CVE Vulnerability List,Exploitation Technique,Phase 2,176
177,CVE Vulnerability List,Primary Impact,Phase 2,177
178,CVE Vulnerability List,Exploitation Technique,Phase 2,178
179,CVE Vulnerability List,Primary Impact,Phase 2,179
180,CVE Vulnerability List,Exploitation Technique,Phase 2,180
181,CVE Vulnerability List,Primary Impact,Phase 2,181
182,CVE Vulnerability List,Secondary Impact,Phase 2,182
183,CVE Vulnerability List,Exploitation Technique,Phase 2,183
184,CVE Vulnerability List,Primary Impact,Phase 2,184
185,CVE Vulnerability List,Secondary Impact,Phase 2,185
186,CVE Vulnerability List,Exploitation Technique,Phase 2,186
187,CVE Vulnerability List,Primary Impact,Phase 2,187
188,CVE Vulnerability List,Exploitation Technique,Phase 2,188
189,CVE Vulnerability List,Primary Impact,Phase 2,189
190,CVE Vulnerability List,Exploitation Technique,Phase 2,190
191,CVE Vulnerability List,Primary Impact,Phase 2,191
192,CVE Vulnerability List,Primary Impact,Phase 2,192
193,CVE Vulnerability List,Exploitation Technique,Phase 2,193
194,CVE Vulnerability List,Exploitation Technique,Phase 2,194
195,CVE Vulnerability List,Exploitation Technique,Phase 2,195
196,CVE Vulnerability List,Primary Impact,Phase 2,196
197,CVE Vulnerability List,Exploitation Technique,Phase 2,197
198,CVE Vulnerability List,Exploitation Technique,Phase 2,198
199,CVE Vulnerability List,Exploitation Technique,Phase 2,199
200,CVE Vulnerability List,Primary Impact,Phase 2,200
201,CVE Vulnerability List,Exploitation Technique,Phase 2,201
202,CVE Vulnerability List,Primary Impact,Phase 2,202
203,CVE Vulnerability List,Primary Impact,Phase 2,203
204,CVE Vulnerability List,Exploitation Technique,Phase 2,204
205,CVE Vulnerability List,Primary Impact,Phase 2,205
206,CVE Vulnerability List,Secondary Impact,Phase 2,206
207,CVE Vulnerability List,Exploitation Technique,Phase 2,207
208,CVE Vulnerability List,Primary Impact,Phase 2,208
209,CVE Vulnerability List,Secondary Impact,Phase 2,209
210,CVE Vulnerability List,Exploitation Technique,Phase 2,210
211,CVE Vulnerability List,Exploitation Technique,Phase 2,211
212,CVE Vulnerability List,Exploitation Technique,Phase 2,212
213,CVE Vulnerability List,Exploitation Technique,Phase 2,213
214,CVE Vulnerability List,Primary Impact,Phase 2,214
215,CVE Vulnerability List,Exploitation Technique,Phase 2,215
216,CVE Vulnerability List,Primary Impact,Phase 2,216
217,CVE Vulnerability List,Exploitation Technique,Phase 2,217
218,CVE Vulnerability List,Primary Impact,Phase 2,218
219,CVE Vulnerability List,Secondary Impact,Phase 2,219
220,CVE Vulnerability List,Exploitation Technique,Phase 2,220
221,CVE Vulnerability List,Primary Impact,Phase 2,221
222,CVE Vulnerability List,Exploitation Technique,Phase 2,222
223,CVE Vulnerability List,Exploitation Technique,Phase 2,223
224,CVE Vulnerability List,Primary Impact,Phase 2,224
225,CVE Vulnerability List,Primary Impact,Phase 2,225
226,CVE Vulnerability List,Exploitation Technique,Phase 2,226
227,CVE Vulnerability List,Exploitation Technique,Phase 2,227
228,CVE Vulnerability List,Exploitation Technique,Phase 2,228
229,CVE Vulnerability List,Exploitation Technique,Phase 2,229
230,CVE Vulnerability List,Exploitation Technique,Phase 2,230
231,CVE Vulnerability List,Exploitation Technique,Phase 2,231
232,CVE Vulnerability List,Primary Impact,Phase 2,232
233,CVE Vulnerability List,Secondary Impact,Phase 2,233
234,CVE Vulnerability List,Exploitation Technique,Phase 2,234
235,CVE Vulnerability List,Exploitation Technique,Phase 2,235
236,CVE Vulnerability List,Primary Impact,Phase 2,236
237,CVE Vulnerability List,Exploitation Technique,Phase 2,237
238,CVE Vulnerability List,Primary Impact,Phase 2,238
239,CVE Vulnerability List,Exploitation Technique,Phase 2,239
240,CVE Vulnerability List,Primary Impact,Phase 2,240
241,CVE Vulnerability List,Exploitation Technique,Phase 2,241
242,CVE Vulnerability List,Primary Impact,Phase 2,242
243,CVE Vulnerability List,Exploitation Technique,Phase 2,243
244,CVE Vulnerability List,Primary Impact,Phase 2,244
245,CVE Vulnerability List,Secondary Impact,Phase 2,245
246,CVE Vulnerability List,Exploitation Technique,Phase 2,246
247,CVE Vulnerability List,Primary Impact,Phase 2,247
248,CVE Vulnerability List,Exploitation Technique,Phase 2,248
249,CVE Vulnerability List,Primary Impact,Phase 2,249
250,CVE Vulnerability List,Exploitation Technique,Phase 2,250
251,CVE Vulnerability List,Primary Impact,Phase 2,251
252,CVE Vulnerability List,Exploitation Technique,Phase 2,252
253,CVE Vulnerability List,Primary Impact,Phase 2,253
254,CVE Vulnerability List,Exploitation Technique,Phase 2,254
255,CVE Vulnerability List,Primary Impact,Phase 2,255
256,CVE Vulnerability List,Primary Impact,Phase 2,256
257,CVE Vulnerability List,Secondary Impact,Phase 2,257
258,CVE Vulnerability List,Secondary Impact,Phase 2,258
259,CVE Vulnerability List,Secondary Impact,Phase 2,259
260,CVE Vulnerability List,Exploitation Technique,Phase 2,260
261,CVE Vulnerability List,Primary Impact,Phase 2,261
262,CVE Vulnerability List,Secondary Impact,Phase 2,262
263,CVE Vulnerability List,Exploitation Technique,Phase 2,263
264,CVE Vulnerability List,Primary Impact,Phase 2,264
265,CVE Vulnerability List,Secondary Impact,Phase 2,265
266,CVE Vulnerability List,Primary Impact,Phase 2,266
267,CVE Vulnerability List,Primary Impact,Phase 2,267
268,CVE Vulnerability List,Exploitation Technique,Phase 2,268
269,CVE Vulnerability List,Primary Impact,Phase 2,269
270,CVE Vulnerability List,Secondary Impact,Phase 2,270
271,CVE Vulnerability List,Secondary Impact,Phase 2,271
272,CVE Vulnerability List,Exploitation Technique,Phase 2,272
273,CVE Vulnerability List,Primary Impact,Phase 2,273
274,CVE Vulnerability List,Secondary Impact,Phase 2,274
275,CVE Vulnerability List,Exploitation Technique,Phase 2,275
276,CVE Vulnerability List,Primary Impact,Phase 2,276
277,CVE Vulnerability List,Primary Impact,Phase 2,277
278,CVE Vulnerability List,Secondary Impact,Phase 2,278
279,CVE Vulnerability List,Primary Impact,Phase 2,279
280,CVE Vulnerability List,Exploitation Technique,Phase 2,280
281,CVE Vulnerability List,Exploitation Technique,Phase 2,281
282,CVE Vulnerability List,Primary Impact,Phase 2,282
283,CVE Vulnerability List,Secondary Impact,Phase 2,283
284,CVE Vulnerability List,Secondary Impact,Phase 2,284
285,CVE Vulnerability List,Exploitation Technique,Phase 2,285
286,CVE Vulnerability List,Primary Impact,Phase 2,286
287,CVE Vulnerability List,Exploitation Technique,Phase 2,287
288,CVE Vulnerability List,Primary Impact,Phase 2,288
289,CVE Vulnerability List,Exploitation Technique,Phase 2,289
290,CVE Vulnerability List,Primary Impact,Phase 2,290
291,CVE Vulnerability List,Secondary Impact,Phase 2,291
292,CVE Vulnerability List,Exploitation Technique,Phase 2,292
293,CVE Vulnerability List,Primary Impact,Phase 2,293
294,CVE Vulnerability List,Exploitation Technique,Phase 2,294
295,CVE Vulnerability List,Primary Impact,Phase 2,295
296,CVE Vulnerability List,Exploitation Technique,Phase 2,296
297,CVE Vulnerability List,Primary Impact,Phase 2,297
298,CVE Vulnerability List,Exploitation Technique,Phase 2,298
299,CVE Vulnerability List,Primary Impact,Phase 2,299
300,CVE Vulnerability List,Exploitation Technique,Phase 2,300
301,CVE Vulnerability List,Primary Impact,Phase 2,301
302,CVE Vulnerability List,Exploitation Technique,Phase 2,302
303,CVE Vulnerability List,Primary Impact,Phase 2,303
304,CVE Vulnerability List,Secondary Impact,Phase 2,304
305,CVE Vulnerability List,Primary Impact,Phase 2,305
306,CVE Vulnerability List,Exploitation Technique,Phase 2,306
307,CVE Vulnerability List,Primary Impact,Phase 2,307
308,CVE Vulnerability List,Primary Impact,Phase 2,308
309,CVE Vulnerability List,Secondary Impact,Phase 2,309
310,CVE Vulnerability List,Primary Impact,Phase 2,310
311,CVE Vulnerability List,Primary Impact,Phase 2,311
312,CVE Vulnerability List,Exploitation Technique,Phase 2,312
313,CVE Vulnerability List,Primary Impact,Phase 2,313
314,CVE Vulnerability List,Exploitation Technique,Phase 2,314
315,CVE Vulnerability List,Primary Impact,Phase 2,315
316,CVE Vulnerability List,Exploitation Technique,Phase 2,316
317,CVE Vulnerability List,Primary Impact,Phase 2,317
318,CVE Vulnerability List,Primary Impact,Phase 2,318
319,CVE Vulnerability List,Secondary Impact,Phase 2,319
320,CVE Vulnerability List,Exploitation Technique,Phase 2,320
321,CVE Vulnerability List,Primary Impact,Phase 2,321
322,CVE Vulnerability List,Primary Impact,Phase 2,322
323,CVE Vulnerability List,Primary Impact,Phase 2,323
324,CVE Vulnerability List,Secondary Impact,Phase 2,324
325,CVE Vulnerability List,Exploitation Technique,Phase 2,325
326,CVE Vulnerability List,Primary Impact,Phase 2,326
327,CVE Vulnerability List,Exploitation Technique,Phase 2,327
328,CVE Vulnerability List,Primary Impact,Phase 2,328
329,CVE Vulnerability List,Secondary Impact,Phase 2,329
330,CVE Vulnerability List,Exploitation Technique,Phase 2,330
331,CVE Vulnerability List,Primary Impact,Phase 2,331
332,CVE Vulnerability List,Secondary Impact,Phase 2,332
333,CVE Vulnerability List,Exploitation Technique,Phase 2,333
334,CVE Vulnerability List,Primary Impact,Phase 2,334
335,CVE Vulnerability List,Primary Impact,Phase 2,335
336,CVE Vulnerability List,Secondary Impact,Phase 2,336
337,CVE Vulnerability List,Primary Impact,Phase 2,337
338,CVE Vulnerability List,Secondary Impact,Phase 2,338
339,CVE Vulnerability List,Primary Impact,Phase 2,339
340,CVE Vulnerability List,Exploitation Technique,Phase 2,340
341,CVE Vulnerability List,Primary Impact,Phase 2,341
342,CVE Vulnerability List,Primary Impact,Phase 2,342
343,CVE Vulnerability List,Primary Impact,Phase 2,343
344,CVE Vulnerability List,Exploitation Technique,Phase 2,344
345,CVE Vulnerability List,Primary Impact,Phase 2,345
346,CVE Vulnerability List,Secondary Impact,Phase 2,346
347,CVE Vulnerability List,Exploitation Technique,Phase 2,347
348,CVE Vulnerability List,Primary Impact,Phase 2,348
349,CVE Vulnerability List,Primary Impact,Phase 2,349
350,CVE Vulnerability List,Secondary Impact,Phase 2,350
351,CVE Vulnerability List,Exploitation Technique,Phase 2,351
352,CVE Vulnerability List,Primary Impact,Phase 2,352
353,CVE Vulnerability List,Primary Impact,Phase 2,353
354,CVE Vulnerability List,Exploitation Technique,Phase 2,354
355,CVE Vulnerability List,Primary Impact,Phase 2,355
356,CVE Vulnerability List,Secondary Impact,Phase 2,356
357,CVE Vulnerability List,Secondary Impact,Phase 2,357
358,CVE Vulnerability List,Primary Impact,Phase 2,358
359,CVE Vulnerability List,Exploitation Technique,Phase 2,359
360,CVE Vulnerability List,Primary Impact,Phase 2,360
361,CVE Vulnerability List,Primary Impact,Phase 2,361
362,CVE Vulnerability List,Primary Impact,Phase 2,362
363,CVE Vulnerability List,Secondary Impact,Phase 2,363
364,CVE Vulnerability List,Primary Impact,Phase 2,364
365,CVE Vulnerability List,Secondary Impact,Phase 2,365
366,CVE Vulnerability List,Exploitation Technique,Phase 2,366
367,CVE Vulnerability List,Primary Impact,Phase 2,367
368,CVE Vulnerability List,Secondary Impact,Phase 2,368
369,CVE Vulnerability List,Primary Impact,Phase 2,369
370,CVE Vulnerability List,Primary Impact,Phase 2,370
371,CVE Vulnerability List,Secondary Impact,Phase 2,371
372,CVE Vulnerability List,Primary Impact,Phase 2,372
373,CVE Vulnerability List,Primary Impact,Phase 2,373
374,CVE Vulnerability List,Exploitation Technique,Phase 2,374
375,CVE Vulnerability List,Primary Impact,Phase 2,375
376,CVE Vulnerability List,Secondary Impact,Phase 2,376
377,CVE Vulnerability List,Primary Impact,Phase 2,377
378,CVE Vulnerability List,Primary Impact,Phase 2,378
379,CVE Vulnerability List,Exploitation Technique,Phase 2,379
380,CVE Vulnerability List,Primary Impact,Phase 2,380
381,CVE Vulnerability List,Exploitation Technique,Phase 2,381
382,CVE Vulnerability List,Primary Impact,Phase 2,382
383,CVE Vulnerability List,Secondary Impact,Phase 2,383
384,CVE Vulnerability List,Secondary Impact,Phase 2,384
385,CVE Vulnerability List,Exploitation Technique,Phase 2,385
386,CVE Vulnerability List,Primary Impact,Phase 2,386
387,CVE Vulnerability List,Secondary Impact,Phase 2,387
388,CVE Vulnerability List,Exploitation Technique,Phase 2,388
389,CVE Vulnerability List,Secondary Impact,Phase 2,389
390,CVE Vulnerability List,Primary Impact,Phase 2,390
391,CVE Vulnerability List,Primary Impact,Phase 2,391
392,CVE Vulnerability List,Exploitation Technique,Phase 2,392
393,CVE Vulnerability List,Primary Impact,Phase 2,393
394,CVE Vulnerability List,Primary Impact,Phase 2,394
395,CVE Vulnerability List,Primary Impact,Phase 2,395
396,CVE Vulnerability List,Secondary Impact,Phase 2,396
397,CVE Vulnerability List,Secondary Impact,Phase 2,397
398,CVE Vulnerability List,Primary Impact,Phase 2,398
399,CVE Vulnerability List,Secondary Impact,Phase 2,399
400,CVE Vulnerability List,Primary Impact,Phase 2,400
401,CVE Vulnerability List,Secondary Impact,Phase 2,401
402,CVE Vulnerability List,Exploitation Technique,Phase 2,402
403,CVE Vulnerability List,Primary Impact,Phase 2,403
404,CVE Vulnerability List,Primary Impact,Phase 2,404
405,CVE Vulnerability List,Secondary Impact,Phase 2,405
406,CVE Vulnerability List,Primary Impact,Phase 2,406
407,CVE Vulnerability List,Exploitation Technique,Phase 2,407
408,CVE Vulnerability List,Primary Impact,Phase 2,408
409,CVE Vulnerability List,Primary Impact,Phase 2,409
410,CVE Vulnerability List,Primary Impact,Phase 2,410
411,CVE Vulnerability List,Secondary Impact,Phase 2,411
412,CVE Vulnerability List,Exploitation Technique,Phase 2,412
413,CVE Vulnerability List,Primary Impact,Phase 2,413
414,CVE Vulnerability List,Primary Impact,Phase 2,414
415,CVE Vulnerability List,Secondary Impact,Phase 2,415
416,CVE Vulnerability List,Exploitation Technique,Phase 2,416
417,CVE Vulnerability List,Primary Impact,Phase 2,417
418,CVE Vulnerability List,Primary Impact,Phase 2,418
419,CVE Vulnerability List,Exploitation Technique,Phase 2,419
420,CVE Vulnerability List,Primary Impact,Phase 2,420
421,CVE Vulnerability List,Secondary Impact,Phase 2,421
422,CVE Vulnerability List,Primary Impact,Phase 2,422
423,CVE Vulnerability List,Primary Impact,Phase 2,423
424,CVE Vulnerability List,Secondary Impact,Phase 2,424
425,CVE Vulnerability List,Primary Impact,Phase 2,425
426,CVE Vulnerability List,Exploitation Technique,Phase 2,426
427,CVE Vulnerability List,Primary Impact,Phase 2,427
428,CVE Vulnerability List,Secondary Impact,Phase 2,428
429,CVE Vulnerability List,Primary Impact,Phase 2,429
430,CVE Vulnerability List,Primary Impact,Phase 2,430
431,CVE Vulnerability List,Exploitation Technique,Phase 2,431
432,CVE Vulnerability List,Primary Impact,Phase 2,432
433,CVE Vulnerability List,Secondary Impact,Phase 2,433
434,CVE Vulnerability List,Primary Impact,Phase 2,434
435,CVE Vulnerability List,Primary Impact,Phase 2,435
436,CVE Vulnerability List,Primary Impact,Phase 2,436
437,CVE Vulnerability List,Secondary Impact,Phase 2,437
438,CVE Vulnerability List,Primary Impact,Phase 2,438
439,CVE Vulnerability List,Secondary Impact,Phase 2,439
440,CVE Vulnerability List,Primary Impact,Phase 2,440
441,CVE Vulnerability List,Exploitation Technique,Phase 2,441
442,CVE Vulnerability List,Primary Impact,Phase 2,442
443,CVE Vulnerability List,Exploitation Technique,Phase 2,443
444,CVE Vulnerability List,Primary Impact,Phase 2,444
445,CVE Vulnerability List,Exploitation Technique,Phase 2,445
446,CVE Vulnerability List,Primary Impact,Phase 2,446
447,CVE Vulnerability List,Secondary Impact,Phase 2,447
448,CVE Vulnerability List,Exploitation Technique,Phase 2,448
449,CVE Vulnerability List,Primary Impact,Phase 2,449
450,CVE Vulnerability List,Secondary Impact,Phase 2,450
451,CVE Vulnerability List,Exploitation Technique,Phase 2,451
452,CVE Vulnerability List,Primary Impact,Phase 2,452
453,CVE Vulnerability List,Secondary Impact,Phase 2,453
454,CVE Vulnerability List,Exploitation Technique,Phase 2,454
455,CVE Vulnerability List,Primary Impact,Phase 2,455
456,CVE Vulnerability List,Primary Impact,Phase 2,456
457,CVE Vulnerability List,Exploitation Technique,Phase 2,457
458,CVE Vulnerability List,Primary Impact,Phase 2,458
459,CVE Vulnerability List,Exploitation Technique,Phase 2,459
460,CVE Vulnerability List,Primary Impact,Phase 2,460
461,CVE Vulnerability List,Exploitation Technique,Phase 2,461
462,CVE Vulnerability List,Primary Impact,Phase 2,462
463,CVE Vulnerability List,Secondary Impact,Phase 2,463
464,CVE Vulnerability List,Primary Impact,Phase 2,464
465,CVE Vulnerability List,Secondary Impact,Phase 2,465
466,CVE Vulnerability List,Exploitation Technique,Phase 2,466
467,CVE Vulnerability List,Primary Impact,Phase 2,467
468,CVE Vulnerability List,Exploitation Technique,Phase 2,468
469,CVE Vulnerability List,Primary Impact,Phase 2,469
470,CVE Vulnerability List,Secondary Impact,Phase 2,470
471,CVE Vulnerability List,Secondary Impact,Phase 2,471
472,CVE Vulnerability List,Secondary Impact,Phase 2,472
473,CVE Vulnerability List,Secondary Impact,Phase 2,473
474,CVE Vulnerability List,Exploitation Technique,Phase 2,474
475,CVE Vulnerability List,Primary Impact,Phase 2,475
476,CVE Vulnerability List,Exploitation Technique,Phase 2,476
477,CVE Vulnerability List,Primary Impact,Phase 2,477
478,CVE Vulnerability List,Exploitation Technique,Phase 2,478
479,CVE Vulnerability List,Primary Impact,Phase 2,479
480,CVE Vulnerability List,Primary Impact,Phase 2,480
481,CVE Vulnerability List,Secondary Impact,Phase 2,481
482,CVE Vulnerability List,Exploitation Technique,Phase 2,482
483,CVE Vulnerability List,Primary Impact,Phase 2,483
484,CVE Vulnerability List,Primary Impact,Phase 2,484
485,CVE Vulnerability List,Primary Impact,Phase 2,485
486,CVE Vulnerability List,Secondary Impact,Phase 2,486
487,CVE Vulnerability List,Primary Impact,Phase 2,487
488,CVE Vulnerability List,Exploitation Technique,Phase 2,488
489,CVE Vulnerability List,Primary Impact,Phase 2,489
490,CVE Vulnerability List,Secondary Impact,Phase 2,490
491,CVE Vulnerability List,Exploitation Technique,Phase 2,491
492,CVE Vulnerability List,Primary Impact,Phase 2,492
493,CVE Vulnerability List,Primary Impact,Phase 2,493
494,CVE Vulnerability List,Primary Impact,Phase 2,494
495,CVE Vulnerability List,Primary Impact,Phase 2,495
496,CVE Vulnerability List,Primary Impact,Phase 2,496
497,CVE Vulnerability List,Exploitation Technique,Phase 2,497
498,CVE Vulnerability List,Primary Impact,Phase 2,498
499,CVE Vulnerability List,Secondary Impact,Phase 2,499
500,CVE Vulnerability List,Exploitation Technique,Phase 2,500
501,CVE Vulnerability List,Primary Impact,Phase 2,501
502,CVE Vulnerability List,Primary Impact,Phase 2,502
503,CVE Vulnerability List,Exploitation Technique,Phase 2,503
504,CVE Vulnerability List,Primary Impact,Phase 2,504
505,CVE Vulnerability List,Primary Impact,Phase 2,505
506,CVE Vulnerability List,Primary Impact,Phase 2,506
507,CVE Vulnerability List,Exploitation Technique,Phase 2,507
508,CVE Vulnerability List,Primary Impact,Phase 2,508
509,CVE Vulnerability List,Secondary Impact,Phase 2,509
510,CVE Vulnerability List,Primary Impact,Phase 2,510
511,CVE Vulnerability List,Exploitation Technique,Phase 2,511
512,CVE Vulnerability List,Primary Impact,Phase 2,512
513,CVE Vulnerability List,Exploitation Technique,Phase 2,513
514,CVE Vulnerability List,Primary Impact,Phase 2,514
515,CVE Vulnerability List,Primary Impact,Phase 2,515
516,CVE Vulnerability List,Exploitation Technique,Phase 2,516
517,CVE Vulnerability List,Exploitation Technique,Phase 2,517
518,CVE Vulnerability List,Exploitation Technique,Phase 2,518
519,CVE Vulnerability List,Exploitation Technique,Phase 2,519
520,CVE Vulnerability List,Exploitation Technique,Phase 2,520
521,CVE Vulnerability List,Exploitation Technique,Phase 2,521
522,CVE Vulnerability List,Primary Impact,Phase 2,522
523,CVE Vulnerability List,Secondary Impact,Phase 2,523
524,CVE Vulnerability List,Exploitation Technique,Phase 2,524
525,CVE Vulnerability List,Primary Impact,Phase 2,525
526,CVE Vulnerability List,Secondary Impact,Phase 2,526
527,CVE Vulnerability List,Exploitation Technique,Phase 2,527
528,CVE Vulnerability List,Primary Impact,Phase 2,528
529,CVE Vulnerability List,Primary Impact,Phase 2,529
530,CVE Vulnerability List,Primary Impact,Phase 2,530
531,CVE Vulnerability List,Exploitation Technique,Phase 2,531
532,CVE Vulnerability List,Primary Impact,Phase 2,532
533,CVE Vulnerability List,Secondary Impact,Phase 2,533
534,CVE Vulnerability List,Exploitation Technique,Phase 2,534
535,CVE Vulnerability List,Primary Impact,Phase 2,535
536,CVE Vulnerability List,Secondary Impact,Phase 2,536
537,CVE Vulnerability List,Exploitation Technique,Phase 2,537
538,CVE Vulnerability List,Primary Impact,Phase 2,538
539,CVE Vulnerability List,Primary Impact,Phase 2,539
540,CVE Vulnerability List,Primary Impact,Phase 2,540
541,CVE Vulnerability List,Secondary Impact,Phase 2,541
542,CVE Vulnerability List,Secondary Impact,Phase 2,542
543,CVE Vulnerability List,Secondary Impact,Phase 2,543
544,CVE Vulnerability List,Secondary Impact,Phase 2,544
545,CVE Vulnerability List,Secondary Impact,Phase 2,545
546,CVE Vulnerability List,Exploitation Technique,Phase 2,546
547,CVE Vulnerability List,Primary Impact,Phase 2,547
548,CVE Vulnerability List,Primary Impact,Phase 2,548
549,CVE Vulnerability List,Secondary Impact,Phase 2,549
550,CVE Vulnerability List,Primary Impact,Phase 2,550
551,CVE Vulnerability List,Exploitation Technique,Phase 2,551
552,CVE Vulnerability List,Primary Impact,Phase 2,552
553,CVE Vulnerability List,Primary Impact,Phase 2,553
554,CVE Vulnerability List,Primary Impact,Phase 2,554
555,CVE Vulnerability List,Primary Impact,Phase 2,555
556,CVE Vulnerability List,Primary Impact,Phase 2,556
557,CVE Vulnerability List,Primary Impact,Phase 2,557
558,CVE Vulnerability List,Secondary Impact,Phase 2,558
559,CVE Vulnerability List,Primary Impact,Phase 2,559
560,CVE Vulnerability List,Secondary Impact,Phase 2,560
561,CVE Vulnerability List,Primary Impact,Phase 2,561
562,CVE Vulnerability List,Secondary Impact,Phase 2,562
563,CVE Vulnerability List,Exploitation Technique,Phase 2,563
564,CVE Vulnerability List,Primary Impact,Phase 2,564
565,CVE Vulnerability List,Secondary Impact,Phase 2,565
566,CVE Vulnerability List,Primary Impact,Phase 2,566
567,CVE Vulnerability List,Primary Impact,Phase 2,567
568,CVE Vulnerability List,Primary Impact,Phase 2,568
569,CVE Vulnerability List,Secondary Impact,Phase 2,569
570,CVE Vulnerability List,Primary Impact,Phase 2,570
571,CVE Vulnerability List,Primary Impact,Phase 2,571
572,CVE Vulnerability List,Primary Impact,Phase 2,572
573,CVE Vulnerability List,Secondary Impact,Phase 2,573
574,CVE Vulnerability List,Primary Impact,Phase 2,574
575,CVE Vulnerability List,Exploitation Technique,Phase 2,575
576,CVE Vulnerability List,Primary Impact,Phase 2,576
577,CVE Vulnerability List,Secondary Impact,Phase 2,577
578,CVE Vulnerability List,Primary Impact,Phase 2,578
579,CVE Vulnerability List,Primary Impact,Phase 2,579
580,CVE Vulnerability List,Primary Impact,Phase 2,580
581,CVE Vulnerability List,Secondary Impact,Phase 2,581
582,CVE Vulnerability List,Primary Impact,Phase 2,582
583,CVE Vulnerability List,Secondary Impact,Phase 2,583
584,CVE Vulnerability List,Primary Impact,Phase 2,584
585,CVE Vulnerability List,Primary Impact,Phase 2,585
586,CVE Vulnerability List,Exploitation Technique,Phase 2,586
587,CVE Vulnerability List,Primary Impact,Phase 2,587
588,CVE Vulnerability List,Primary Impact,Phase 2,588
589,CVE Vulnerability List,Exploitation Technique,Phase 2,589
590,CVE Vulnerability List,Primary Impact,Phase 2,590
591,CVE Vulnerability List,Secondary Impact,Phase 2,591
592,CVE Vulnerability List,Primary Impact,Phase 2,592
593,CVE Vulnerability List,Primary Impact,Phase 2,593
594,CVE Vulnerability List,Primary Impact,Phase 2,594
595,CVE Vulnerability List,Secondary Impact,Phase 2,595
596,CVE Vulnerability List,Secondary Impact,Phase 2,596
597,CVE Vulnerability List,Secondary Impact,Phase 2,597
598,CVE Vulnerability List,Exploitation Technique,Phase 2,598
599,CVE Vulnerability List,Primary Impact,Phase 2,599
600,CVE Vulnerability List,Secondary Impact,Phase 2,600
601,CVE Vulnerability List,Exploitation Technique,Phase 2,601
602,CVE Vulnerability List,Primary Impact,Phase 2,602
603,CVE Vulnerability List,Primary Impact,Phase 2,603
604,CVE Vulnerability List,Primary Impact,Phase 2,604
605,CVE Vulnerability List,Primary Impact,Phase 2,605
606,CVE Vulnerability List,Primary Impact,Phase 2,606
607,CVE Vulnerability List,Primary Impact,Phase 2,607
608,CVE Vulnerability List,Primary Impact,Phase 2,608
609,CVE Vulnerability List,Primary Impact,Phase 2,609
610,CVE Vulnerability List,Primary Impact,Phase 2,610
611,CVE Vulnerability List,Primary Impact,Phase 2,611
612,CVE Vulnerability List,Primary Impact,Phase 2,612
613,CVE Vulnerability List,Exploitation Technique,Phase 2,613
614,CVE Vulnerability List,Exploitation Technique,Phase 2,614
615,CVE Vulnerability List,Primary Impact,Phase 2,615
616,CVE Vulnerability List,Primary Impact,Phase 2,616
617,CVE Vulnerability List,Primary Impact,Phase 2,617
618,CVE Vulnerability List,Primary Impact,Phase 2,618
619,CVE Vulnerability List,Primary Impact,Phase 2,619
620,CVE Vulnerability List,Primary Impact,Phase 2,620
621,CVE Vulnerability List,Primary Impact,Phase 2,621
622,CVE Vulnerability List,Exploitation Technique,Phase 2,622
623,CVE Vulnerability List,Primary Impact,Phase 2,623
624,CVE Vulnerability List,Exploitation Technique,Phase 2,624
625,CVE Vulnerability List,Primary Impact,Phase 2,625
626,CVE Vulnerability List,Secondary Impact,Phase 2,626
627,CVE Vulnerability List,Exploitation Technique,Phase 2,627
628,CVE Vulnerability List,Primary Impact,Phase 2,628
629,CVE Vulnerability List,Exploitation Technique,Phase 2,629
630,CVE Vulnerability List,Primary Impact,Phase 2,630
631,CVE Vulnerability List,Primary Impact,Phase 2,631
632,CVE Vulnerability List,Exploitation Technique,Phase 2,632
633,CVE Vulnerability List,Primary Impact,Phase 2,633
634,CVE Vulnerability List,Primary Impact,Phase 2,634
635,CVE Vulnerability List,Primary Impact,Phase 2,635
636,CVE Vulnerability List,Primary Impact,Phase 2,636
637,CVE Vulnerability List,Primary Impact,Phase 2,637
638,CVE Vulnerability List,Primary Impact,Phase 2,638
639,CVE Vulnerability List,Primary Impact,Phase 2,639
640,CVE Vulnerability List,Primary Impact,Phase 2,640
641,CVE Vulnerability List,Primary Impact,Phase 2,641
642,CVE Vulnerability List,Secondary Impact,Phase 2,642
643,CVE Vulnerability List,Secondary Impact,Phase 2,643
644,CVE Vulnerability List,Secondary Impact,Phase 2,644
645,CVE Vulnerability List,Secondary Impact,Phase 2,645
646,CVE Vulnerability List,Secondary Impact,Phase 2,646
647,CVE Vulnerability List,Primary Impact,Phase 2,647
648,CVE Vulnerability List,Secondary Impact,Phase 2,648
649,CVE Vulnerability List,Secondary Impact,Phase 2,649
650,CVE Vulnerability List,Secondary Impact,Phase 2,650
651,CVE Vulnerability List,Secondary Impact,Phase 2,651
652,CVE Vulnerability List,Primary Impact,Phase 2,652
653,CVE Vulnerability List,Secondary Impact,Phase 2,653
654,CVE Vulnerability List,Primary Impact,Phase 2,654
655,CVE Vulnerability List,Secondary Impact,Phase 2,655
656,CVE Vulnerability List,Exploitation Technique,Phase 2,656
657,CVE Vulnerability List,Primary Impact,Phase 2,657
658,CVE Vulnerability List,Secondary Impact,Phase 2,658
659,CVE Vulnerability List,Primary Impact,Phase 2,659
660,CVE Vulnerability List,Primary Impact,Phase 2,660
661,CVE Vulnerability List,Primary Impact,Phase 2,661
662,CVE Vulnerability List,Exploitation Technique,Phase 2,662
663,CVE Vulnerability List,Primary Impact,Phase 2,663
664,CVE Vulnerability List,Secondary Impact,Phase 2,664
665,CVE Vulnerability List,Primary Impact,Phase 2,665
666,CVE Vulnerability List,Primary Impact,Phase 2,666
667,CVE Vulnerability List,Secondary Impact,Phase 2,667
668,CVE Vulnerability List,Primary Impact,Phase 2,668
669,CVE Vulnerability List,Exploitation Technique,Phase 2,669
670,CVE Vulnerability List,Primary Impact,Phase 2,670
671,CVE Vulnerability List,Primary Impact,Phase 2,671
672,CVE Vulnerability List,Secondary Impact,Phase 2,672
673,CVE Vulnerability List,Secondary Impact,Phase 2,673
674,CVE Vulnerability List,Secondary Impact,Phase 2,674
675,CVE Vulnerability List,Secondary Impact,Phase 2,675
676,CVE Vulnerability List,Secondary Impact,Phase 2,676
677,CVE Vulnerability List,Exploitation Technique,Phase 2,677
678,CVE Vulnerability List,Primary Impact,Phase 2,678
679,CVE Vulnerability List,Primary Impact,Phase 2,679
680,CVE Vulnerability List,Secondary Impact,Phase 2,680
681,CVE Vulnerability List,Primary Impact,Phase 2,681
682,CVE Vulnerability List,Exploitation Technique,Phase 2,682
683,CVE Vulnerability List,Primary Impact,Phase 2,683
684,CVE Vulnerability List,Secondary Impact,Phase 2,684
685,CVE Vulnerability List,Secondary Impact,Phase 2,685
686,CVE Vulnerability List,Primary Impact,Phase 2,686
687,CVE Vulnerability List,Primary Impact,Phase 2,687
688,CVE Vulnerability List,Exploitation Technique,Phase 2,688
689,CVE Vulnerability List,Primary Impact,Phase 2,689
690,CVE Vulnerability List,Primary Impact,Phase 2,690
691,CVE Vulnerability List,Primary Impact,Phase 2,691
692,CVE Vulnerability List,Primary Impact,Phase 2,692
693,CVE Vulnerability List,Primary Impact,Phase 2,693
694,CVE Vulnerability List,Exploitation Technique,Phase 2,694
695,CVE Vulnerability List,Primary Impact,Phase 2,695
696,CVE Vulnerability List,Primary Impact,Phase 2,696
697,CVE Vulnerability List,Exploitation Technique,Phase 2,697
698,CVE Vulnerability List,Primary Impact,Phase 2,698
699,CVE Vulnerability List,Primary Impact,Phase 2,699
700,CVE Vulnerability List,Secondary Impact,Phase 2,700
701,CVE Vulnerability List,Secondary Impact,Phase 2,701
702,CVE Vulnerability List,Exploitation Technique,Phase 2,702
703,CVE Vulnerability List,Primary Impact,Phase 2,703
704,CVE Vulnerability List,Exploitation Technique,Phase 2,704
705,CVE Vulnerability List,Primary Impact,Phase 2,705
706,CVE Vulnerability List,Primary Impact,Phase 2,706
707,CVE Vulnerability List,Primary Impact,Phase 2,707
708,CVE Vulnerability List,Exploitation Technique,Phase 2,708
709,CVE Vulnerability List,Primary Impact,Phase 2,709
710,CVE Vulnerability List,Exploitation Technique,Phase 2,710
711,CVE Vulnerability List,Primary Impact,Phase 2,711
712,CVE Vulnerability List,Secondary Impact,Phase 2,712
713,CVE Vulnerability List,Primary Impact,Phase 2,713
714,CVE Vulnerability List,Exploitation Technique,Phase 2,714
715,CVE Vulnerability List,Primary Impact,Phase 2,715
716,CVE Vulnerability List,Primary Impact,Phase 2,716
717,CVE Vulnerability List,Primary Impact,Phase 2,717
718,CVE Vulnerability List,Secondary Impact,Phase 2,718
719,CVE Vulnerability List,Primary Impact,Phase 2,719
720,CVE Vulnerability List,Primary Impact,Phase 2,720
721,CVE Vulnerability List,Primary Impact,Phase 2,721
722,CVE Vulnerability List,Secondary Impact,Phase 2,722
723,CVE Vulnerability List,Secondary Impact,Phase 2,723
724,CVE Vulnerability List,Primary Impact,Phase 2,724
725,CVE Vulnerability List,Exploitation Technique,Phase 2,725
726,CVE Vulnerability List,Primary Impact,Phase 2,726
727,CVE Vulnerability List,Primary Impact,Phase 2,727
728,CVE Vulnerability List,Primary Impact,Phase 2,728
729,CVE Vulnerability List,Primary Impact,Phase 2,729
730,CVE Vulnerability List,Exploitation Technique,Phase 2,730
731,CVE Vulnerability List,Primary Impact,Phase 2,731
732,CVE Vulnerability List,Primary Impact,Phase 2,732
733,CVE Vulnerability List,Primary Impact,Phase 2,733
734,CVE Vulnerability List,Exploitation Technique,Phase 2,734
735,CVE Vulnerability List,Exploitation Technique,Phase 2,735
736,CVE Vulnerability List,Primary Impact,Phase 2,736
737,CVE Vulnerability List,Secondary Impact,Phase 2,737
738,CVE Vulnerability List,Secondary Impact,Phase 2,738
739,CVE Vulnerability List,Secondary Impact,Phase 2,739
740,CVE Vulnerability List,Secondary Impact,Phase 2,740
741,CVE Vulnerability List,Primary Impact,Phase 2,741
742,CVE Vulnerability List,Primary Impact,Phase 2,742
743,CVE Vulnerability List,Secondary Impact,Phase 2,743
744,CVE Vulnerability List,Secondary Impact,Phase 2,744
745,CVE Vulnerability List,Secondary Impact,Phase 2,745
746,CVE Vulnerability List,Secondary Impact,Phase 2,746
747,CVE Vulnerability List,Exploitation Technique,Phase 2,747
748,CVE Vulnerability List,Exploitation Technique,Phase 2,748
749,CVE Vulnerability List,Primary Impact,Phase 2,749
750,CVE Vulnerability List,Primary Impact,Phase 2,750
751,CVE Vulnerability List,Primary Impact,Phase 2,751
752,CVE Vulnerability List,Secondary Impact,Phase 2,752
753,CVE Vulnerability List,Secondary Impact,Phase 2,753
754,CVE Vulnerability List,Secondary Impact,Phase 2,754
755,CVE Vulnerability List,Secondary Impact,Phase 2,755
756,CVE Vulnerability List,Primary Impact,Phase 2,756
757,CVE Vulnerability List,Primary Impact,Phase 2,757
758,CVE Vulnerability List,Exploitation Technique,Phase 2,758
759,CVE Vulnerability List,Primary Impact,Phase 2,759
760,CVE Vulnerability List,Primary Impact,Phase 2,760
761,CVE Vulnerability List,Primary Impact,Phase 2,761
762,CVE Vulnerability List,Primary Impact,Phase 2,762
763,CVE Vulnerability List,Secondary Impact,Phase 2,763
764,CVE Vulnerability List,Secondary Impact,Phase 2,764
765,CVE Vulnerability List,Secondary Impact,Phase 2,765
766,CVE Vulnerability List,Secondary Impact,Phase 2,766
767,CVE Vulnerability List,Exploitation Technique,Phase 2,767
768,CVE Vulnerability List,Exploitation Technique,Phase 2,768
769,CVE Vulnerability List,Primary Impact,Phase 2,769
770,CVE Vulnerability List,Secondary Impact,Phase 2,770
771,CVE Vulnerability List,Secondary Impact,Phase 2,771
772,CVE Vulnerability List,Secondary Impact,Phase 2,772
773,CVE Vulnerability List,Secondary Impact,Phase 2,773
774,CVE Vulnerability List,Secondary Impact,Phase 2,774
775,CVE Vulnerability List,Primary Impact,Phase 2,775
776,CVE Vulnerability List,Primary Impact,Phase 2,776
777,CVE Vulnerability List,Primary Impact,Phase 2,777
778,CVE Vulnerability List,Secondary Impact,Phase 2,778
779,CVE Vulnerability List,Secondary Impact,Phase 2,779
780,CVE Vulnerability List,Secondary Impact,Phase 2,780
781,CVE Vulnerability List,Secondary Impact,Phase 2,781
782,CVE Vulnerability List,Primary Impact,Phase 2,782
783,CVE Vulnerability List,Primary Impact,Phase 2,783
784,CVE Vulnerability List,Exploitation Technique,Phase 2,784
785,CVE Vulnerability List,Primary Impact,Phase 2,785
786,CVE Vulnerability List,Primary Impact,Phase 2,786
787,CVE Vulnerability List,Primary Impact,Phase 2,787
788,CVE Vulnerability List,Primary Impact,Phase 2,788
789,CVE Vulnerability List,Primary Impact,Phase 2,789
790,CVE Vulnerability List,Secondary Impact,Phase 2,790
791,CVE Vulnerability List,Secondary Impact,Phase 2,791
792,CVE Vulnerability List,Secondary Impact,Phase 2,792
793,CVE Vulnerability List,Secondary Impact,Phase 2,793
794,CVE Vulnerability List,Exploitation Technique,Phase 2,794
795,CVE Vulnerability List,Exploitation Technique,Phase 2,795
796,CVE Vulnerability List,Primary Impact,Phase 2,796
797,CVE Vulnerability List,Primary Impact,Phase 2,797
798,CVE Vulnerability List,Primary Impact,Phase 2,798
799,CVE Vulnerability List,Primary Impact,Phase 2,799
800,CVE Vulnerability List,Secondary Impact,Phase 2,800
801,CVE Vulnerability List,Secondary Impact,Phase 2,801
802,CVE Vulnerability List,Secondary Impact,Phase 2,802
803,CVE Vulnerability List,Secondary Impact,Phase 2,803
804,CVE Vulnerability List,Exploitation Technique,Phase 2,804
805,CVE Vulnerability List,Exploitation Technique,Phase 2,805
806,CVE Vulnerability List,Primary Impact,Phase 2,806
807,CVE Vulnerability List,Exploitation Technique,Phase 2,807
808,CVE Vulnerability List,Primary Impact,Phase 2,808
809,CVE Vulnerability List,Secondary Impact,Phase 2,809
810,CVE Vulnerability List,Primary Impact,Phase 2,810
811,CVE Vulnerability List,Primary Impact,Phase 2,811
812,CVE Vulnerability List,Secondary Impact,Phase 2,812
813,CVE Vulnerability List,Secondary Impact,Phase 2,813
814,CVE Vulnerability List,Secondary Impact,Phase 2,814
815,CVE Vulnerability List,Secondary Impact,Phase 2,815
816,CVE Vulnerability List,Exploitation Technique,Phase 2,816
817,CVE Vulnerability List,Exploitation Technique,Phase 2,817
818,CVE Vulnerability List,Primary Impact,Phase 2,818
819,CVE Vulnerability List,Secondary Impact,Phase 2,819
820,CVE Vulnerability List,Secondary Impact,Phase 2,820
821,CVE Vulnerability List,Secondary Impact,Phase 2,821
822,CVE Vulnerability List,Secondary Impact,Phase 2,822
823,CVE Vulnerability List,Secondary Impact,Phase 2,823
824,CVE Vulnerability List,Primary Impact,Phase 2,824
825,CVE Vulnerability List,Primary Impact,Phase 2,825
826,CVE Vulnerability List,Primary Impact,Phase 2,826
827,CVE Vulnerability List,Secondary Impact,Phase 2,827
828,CVE Vulnerability List,Secondary Impact,Phase 2,828
829,CVE Vulnerability List,Secondary Impact,Phase 2,829
830,CVE Vulnerability List,Secondary Impact,Phase 2,830
831,CVE Vulnerability List,Exploitation Technique,Phase 2,831
832,CVE Vulnerability List,Exploitation Technique,Phase 2,832
833,CVE Vulnerability List,Primary Impact,Phase 2,833
834,CVE Vulnerability List,Secondary Impact,Phase 2,834
835,CVE Vulnerability List,Primary Impact,Phase 2,835
836,CVE Vulnerability List,Primary Impact,Phase 2,836
837,CVE Vulnerability List,Secondary Impact,Phase 2,837
838,CVE Vulnerability List,Secondary Impact,Phase 2,838
839,CVE Vulnerability List,Secondary Impact,Phase 2,839
840,CVE Vulnerability List,Secondary Impact,Phase 2,840
841,CVE Vulnerability List,Exploitation Technique,Phase 2,841
842,CVE Vulnerability List,Primary Impact,Phase 2,842
843,CVE Vulnerability List,Exploitation Technique,Phase 2,843
844,CVE Vulnerability List,Exploitation Technique,Phase 2,844
845,CVE Vulnerability List,Primary Impact,Phase 2,845
846,CVE Vulnerability List,Primary Impact,Phase 2,846
847,CVE Vulnerability List,Secondary Impact,Phase 2,847
848,CVE Vulnerability List,Secondary Impact,Phase 2,848
849,CVE Vulnerability List,Secondary Impact,Phase 2,849
850,CVE Vulnerability List,Secondary Impact,Phase 2,850
851,CVE Vulnerability List,Exploitation Technique,Phase 2,851
852,CVE Vulnerability List,Exploitation Technique,Phase 2,852
853,CVE Vulnerability List,Primary Impact,Phase 2,853
854,CVE Vulnerability List,Primary Impact,Phase 2,854
855,CVE Vulnerability List,Primary Impact,Phase 2,855
856,CVE Vulnerability List,Secondary Impact,Phase 2,856
857,CVE Vulnerability List,Secondary Impact,Phase 2,857
858,CVE Vulnerability List,Secondary Impact,Phase 2,858
859,CVE Vulnerability List,Secondary Impact,Phase 2,859
860,CVE Vulnerability List,Exploitation Technique,Phase 2,860
861,CVE Vulnerability List,Exploitation Technique,Phase 2,861
862,CVE Vulnerability List,Primary Impact,Phase 2,862
863,CVE Vulnerability List,Primary Impact,Phase 2,863
864,CVE Vulnerability List,Secondary Impact,Phase 2,864
865,CVE Vulnerability List,Secondary Impact,Phase 2,865
866,CVE Vulnerability List,Secondary Impact,Phase 2,866
867,CVE Vulnerability List,Secondary Impact,Phase 2,867
868,CVE Vulnerability List,Exploitation Technique,Phase 2,868
869,CVE Vulnerability List,Exploitation Technique,Phase 2,869
870,CVE Vulnerability List,Primary Impact,Phase 2,870
871,CVE Vulnerability List,Secondary Impact,Phase 2,871
872,CVE Vulnerability List,Secondary Impact,Phase 2,872
873,CVE Vulnerability List,Secondary Impact,Phase 2,873
874,CVE Vulnerability List,Secondary Impact,Phase 2,874
875,CVE Vulnerability List,Exploitation Technique,Phase 2,875
876,CVE Vulnerability List,Exploitation Technique,Phase 2,876
877,CVE Vulnerability List,Primary Impact,Phase 2,877
878,CVE Vulnerability List,Secondary Impact,Phase 2,878
879,CVE Vulnerability List,Secondary Impact,Phase 2,879
880,CVE Vulnerability List,Secondary Impact,Phase 2,880
881,CVE Vulnerability List,Secondary Impact,Phase 2,881
882,CVE Vulnerability List,Secondary Impact,Phase 2,882
883,CVE Vulnerability List,Primary Impact,Phase 2,883
884,CVE Vulnerability List,Primary Impact,Phase 2,884
885,CVE Vulnerability List,Primary Impact,Phase 2,885
886,CVE Vulnerability List,Secondary Impact,Phase 2,886
887,CVE Vulnerability List,Secondary Impact,Phase 2,887
888,CVE Vulnerability List,Primary Impact,Phase 2,888
889,CVE Vulnerability List,Secondary Impact,Phase 2,889
890,CVE Vulnerability List,Exploitation Technique,Phase 2,890
891,CVE Vulnerability List,Primary Impact,Phase 2,891
892,CVE Vulnerability List,Primary Impact,Phase 2,892
893,CVE Vulnerability List,Exploitation Technique,Phase 2,893
894,CVE Vulnerability List,Exploitation Technique,Phase 2,894
895,CVE Vulnerability List,Primary Impact,Phase 2,895
896,CVE Vulnerability List,Primary Impact,Phase 2,896
897,CVE Vulnerability List,Exploitation Technique,Phase 2,897
898,CVE Vulnerability List,Exploitation Technique,Phase 2,898
899,CVE Vulnerability List,Primary Impact,Phase 2,899
900,CVE Vulnerability List,Secondary Impact,Phase 2,900
901,CVE Vulnerability List,Primary Impact,Phase 2,901
902,CVE Vulnerability List,Primary Impact,Phase 2,902
903,CVE Vulnerability List,Primary Impact,Phase 2,903
904,CVE Vulnerability List,Exploitation Technique,Phase 2,904
905,CVE Vulnerability List,Exploitation Technique,Phase 2,905
906,CVE Vulnerability List,Primary Impact,Phase 2,906
907,CVE Vulnerability List,Primary Impact,Phase 2,907
908,CVE Vulnerability List,Exploitation Technique,Phase 2,908
909,CVE Vulnerability List,Exploitation Technique,Phase 2,909
910,CVE Vulnerability List,Primary Impact,Phase 2,910
911,CVE Vulnerability List,Primary Impact,Phase 2,911
