,comments,attack_object_id,attack_object_name,references,tags,capability_description,capability_id,mapping_type,metadata_key
0,,T1047,Windows Management Instrumentation,[],[],,action.hacking.variety.Abuse of functionality,related-to,0
1,,T1047,Windows Management Instrumentation,[],[],,action.hacking.vector.Command shell,related-to,0
2,,T1047,Windows Management Instrumentation,[],[],,action.malware.vector.Direct install,related-to,0
3,,T1053,Scheduled Task/Job,[],[],,action.hacking.variety.Abuse of functionality,related-to,0
4,,T1053,Scheduled Task/Job,[],[],,action.hacking.vector.Backdoor or C2,related-to,0
5,,T1053.001,Scheduled Task/Job: At (Linux),[],[],,action.hacking.variety.Abuse of functionality,related-to,0
6,,T1053.002,Scheduled Task/Job: At (Windows),[],[],,action.hacking.variety.Abuse of functionality,related-to,0
7,,T1053.003,Scheduled Task/Job: Cron,[],[],,action.hacking.variety.Abuse of functionality,related-to,0
8,,T1053.004,Scheduled Task/Job: Launchd,[],[],,action.hacking.variety.Abuse of functionality,related-to,0
9,,T1053.005,Scheduled Task/Job: Scheduled Task,[],[],,action.hacking.variety.Abuse of functionality,related-to,0
10,,T1053.006,Scheduled Task/Job: Systemd Timers,[],[],,action.hacking.variety.Abuse of functionality,related-to,0
11,,T1053.007,Scheduled Task/Job: Container Orchestration Job,[],[],,action.hacking.variety.Abuse of functionality,related-to,0
12,,T1059,Command and Scripting Interpreter,[],[],,action.hacking.variety.Abuse of functionality,related-to,0
13,,T1059,Command and Scripting Interpreter,[],[],,action.hacking.vector.Command shell,related-to,0
14,,T1059.001,Command and Scripting Interpreter: PowerShell,[],[],,action.hacking.variety.Abuse of functionality,related-to,0
15,,T1059.001,Command and Scripting Interpreter: PowerShell,[],[],,action.hacking.vector.Command shell,related-to,0
16,,T1059.002,Command and Scripting Interpreter: AppleScript,[],[],,action.hacking.variety.Abuse of functionality,related-to,0
17,,T1059.002,Command and Scripting Interpreter: AppleScript,[],[],,action.hacking.vector.Command shell,related-to,0
18,,T1059.003,Command and Scripting Interpreter: Windows Command Shell,[],[],,action.hacking.variety.Abuse of functionality,related-to,0
19,,T1059.003,Command and Scripting Interpreter: Windows Command Shell,[],[],,action.hacking.vector.Command shell,related-to,0
20,,T1059.004,Command and Scripting Interpreter: Unix Shell,[],[],,action.hacking.variety.Abuse of functionality,related-to,0
21,,T1059.004,Command and Scripting Interpreter: Unix Shell,[],[],,action.hacking.vector.Command shell,related-to,0
22,,T1059.005,Command and Scripting Interpreter: Visual Basic,[],[],,action.hacking.variety.Abuse of functionality,related-to,0
23,,T1059.005,Command and Scripting Interpreter: Visual Basic,[],[],,action.hacking.vector.Command shell,related-to,0
24,,T1059.005,Command and Scripting Interpreter: Visual Basic,[],[],,action.malware.vector.Email attachment,related-to,0
25,,T1059.006,Command and Scripting Interpreter: Python,[],[],,action.hacking.variety.Abuse of functionality,related-to,0
26,,T1059.006,Command and Scripting Interpreter: Python,[],[],,action.hacking.vector.Command shell,related-to,0
27,,T1059.007,Command and Scripting Interpreter: JavaScript,[],[],,action.hacking.variety.Abuse of functionality,related-to,0
28,,T1059.007,Command and Scripting Interpreter: JavaScript,[],[],,action.hacking.vector.Command shell,related-to,0
29,,T1059.007,Command and Scripting Interpreter: JavaScript,[],[],,action.malware.vector.Email attachment,related-to,0
30,,T1059.008,Command and Scripting Interpreter: Network Device CLI,[],[],,action.hacking.variety.Abuse of functionality,related-to,0
31,,T1059.008,Command and Scripting Interpreter: Network Device CLI,[],[],,action.hacking.vector.Command shell,related-to,0
32,,T1072,Software Deployment Tools,[],[],,action.hacking.variety.Abuse of functionality,related-to,0
33,,T1072,Software Deployment Tools,[],[],,action.malware.variety.Adminware,related-to,0
34,,T1072,Software Deployment Tools,[],[],,action.malware.vector.Software update,related-to,0
35,,T1106,Native API,[],[],,action.hacking.variety.Abuse of functionality,related-to,0
36,,T1112,Modify Registry,[],[],,action.hacking.variety.Abuse of functionality,related-to,0
37,,T1127,Trusted Developer Utilities Proxy Execution,[],[],,action.hacking.variety.Abuse of functionality,related-to,0
38,,T1127,Trusted Developer Utilities Proxy Execution,[],[],,action.hacking.variety.Unknown,related-to,0
39,,T1127.001,Tursted Developer Utilities Proxy Execution: MSBuild,[],[],,action.hacking.variety.Abuse of functionality,related-to,0
40,,T1127.001,Tursted Developer Utilities Proxy Execution: MSBuild,[],[],,action.hacking.variety.Unknown,related-to,0
41,,T1129,Shared Modules,[],[],,action.hacking.variety.Abuse of functionality,related-to,0
42,,T1137,Office Application Startup,[],[],,action.hacking.variety.Abuse of functionality,related-to,0
43,,T1137,Office Application Startup,[],[],,action.hacking.vector.Backdoor or C2,related-to,0
44,,T1137.001,Office Application Startup: Office Template Macros,[],[],,action.hacking.variety.Abuse of functionality,related-to,0
45,,T1137.002,Office Application Startup: Office Test,[],[],,action.hacking.variety.Abuse of functionality,related-to,0
46,,T1137.003,Office Application Startup: Outlook Forms,[],[],,action.hacking.variety.Abuse of functionality,related-to,0
47,,T1137.004,Office Application Startup: Outlook Home Page,[],[],,action.hacking.variety.Abuse of functionality,related-to,0
48,,T1137.005,Office Application Startup: Outlook Rules,[],[],,action.hacking.variety.Abuse of functionality,related-to,0
49,,T1187,Forced Authentication,[],[],,action.hacking.variety.Abuse of functionality,related-to,0
50,,T1187,Forced Authentication,[],[],,action.hacking.variety.MitM,related-to,0
51,,T1202,Indirect Command Execution,[],[],,action.hacking.variety.Abuse of functionality,related-to,0
52,,T1216,Signed Script Proxy Execution,[],[],,action.hacking.variety.Abuse of functionality,related-to,0
53,,T1216.001,Signed Script Proxy Execution: PubPrn,[],[],,action.hacking.variety.Abuse of functionality,related-to,0
54,,T1218,Signed Binary Proxy Execution,[],[],,action.hacking.variety.Abuse of functionality,related-to,0
55,,T1218.001,Signed Binary Proxy Execution: Compiled HTML File,[],[],,action.hacking.variety.Abuse of functionality,related-to,0
56,,T1218.002,Signed Binary Proxy Execution: Control Panel,[],[],,action.hacking.variety.Abuse of functionality,related-to,0
57,,T1218.003,Signed Binary Proxy Execution: CMSTP,[],[],,action.hacking.variety.Abuse of functionality,related-to,0
58,,T1218.004,Signed Binary Proxy Execution: InstallUtil,[],[],,action.hacking.variety.Abuse of functionality,related-to,0
59,,T1218.005,Signed Binary Proxy Execution: Mshta,[],[],,action.hacking.variety.Abuse of functionality,related-to,0
60,,T1218.007,Signed Binary Proxy Execution: Msiexec,[],[],,action.hacking.variety.Abuse of functionality,related-to,0
61,,T1218.008,Signed Binary Proxy Execution: Odbcconf,[],[],,action.hacking.variety.Abuse of functionality,related-to,0
62,,T1218.009,Signed Binary Proxy Execution: Regsvcs/Regasm,[],[],,action.hacking.variety.Abuse of functionality,related-to,0
63,,T1218.010,Signed Binary Proxy Execution: Regsvr32,[],[],,action.hacking.variety.Abuse of functionality,related-to,0
64,,T1218.011,Signed Binary Proxy Execution: Rundll32,[],[],,action.hacking.variety.Abuse of functionality,related-to,0
65,,T1218.012,Signed Binary Proxy Execution: Verclsid,[],[],,action.hacking.variety.Abuse of functionality,related-to,0
66,,T1220,XSL Script Processing,[],[],,action.hacking.variety.Abuse of functionality,related-to,0
67,,T1505.001,Server Software Component: SQL Stored Procedures,[],[],,action.hacking.variety.Abuse of functionality,related-to,0
68,,T1505.001,Server Software Component: SQL Stored Procedures,[],[],,action.hacking.variety.Use of backdoor or C2,related-to,0
69,,T1505.001,Server Software Component: SQL Stored Procedures,[],[],,action.hacking.vector.Backdoor or C2,related-to,0
70,,T1505.001,Server Software Component: SQL Stored Procedures,[],[],,action.malware.variety.Backdoor,related-to,0
71,,T1505.002,Server Software Component: Transport Agent,[],[],,action.hacking.variety.Abuse of functionality,related-to,0
72,,T1505.002,Server Software Component: Transport Agent,[],[],,action.hacking.variety.Use of backdoor or C2,related-to,0
73,,T1505.002,Server Software Component: Transport Agent,[],[],,action.hacking.vector.Backdoor or C2,related-to,0
74,,T1505.002,Server Software Component: Transport Agent,[],[],,action.malware.variety.Backdoor,related-to,0
75,,T1529,System Shutdown/Reboot,[],[],,action.hacking.variety.Abuse of functionality,related-to,0
76,,T1543,Create or Modify System Process,[],[],,action.hacking.variety.Abuse of functionality,related-to,0
77,,T1543,Create or Modify System Process,[],[],,action.hacking.variety.Use of backdoor or C2,related-to,0
78,,T1543,Create or Modify System Process,[],[],,action.hacking.vector.Backdoor or C2,related-to,0
79,,T1543,Create or Modify System Process,[],[],,action.malware.variety.Backdoor,related-to,0
80,,T1543,Create or Modify System Process,[],[],,action.malware.variety.Rootkit,related-to,0
81,,T1543.001,Create or Modify System Process: Launch Agent,[],[],,action.hacking.variety.Abuse of functionality,related-to,0
82,,T1543.002,Create or Modify System Process: Systemd Service,[],[],,action.hacking.variety.Abuse of functionality,related-to,0
83,,T1543.003,Create or Modify System Process: Windows Service,[],[],,action.hacking.variety.Abuse of functionality,related-to,0
84,,T1543.003,Create or Modify System Process: Windows Service,[],[],,action.malware.variety.RAT,related-to,0
85,,T1543.004,Create or Modify System Process: Launch Daemon,[],[],,action.hacking.variety.Abuse of functionality,related-to,0
86,,T1547,Boot or Logon Autostart Execution,[],[],,action.hacking.variety.Abuse of functionality,related-to,0
87,,T1547,Boot or Logon Autostart Execution,[],[],,action.hacking.vector.Backdoor or C2,related-to,0
88,,T1547,Boot or Logon Autostart Execution,[],[],,action.malware.variety.Backdoor,related-to,0
89,,T1547,Boot or Logon Autostart Execution,[],[],,attribute.integrity.variety.Modify configuration,related-to,0
90,,T1548,Abuse Elevation Control Mechanism,[],[],,action.hacking.variety.Abuse of functionality,related-to,0
91,,T1548.001,Abuse Elevation Control Mechanism: Setuid and Setgid,[],[],,action.hacking.variety.Abuse of functionality,related-to,0
92,,T1548.002,Abuse Elevation Control Mechanism: Bypass User Account Control,[],[],,action.hacking.variety.Abuse of functionality,related-to,0
93,,T1548.002,Abuse Elevation Control Mechanism: Bypass User Account Control,[],[],,action.hacking.variety.Exploit misconfig,related-to,0
94,,T1548.002,Abuse Elevation Control Mechanism: Bypass User Account Control,[],[],,action.malware.variety.Exploit misconfig,related-to,0
95,,T1548.003,Abuse Elevation Control Mechanism: Sudo and Sudo Caching,[],[],,action.hacking.variety.Abuse of functionality,related-to,0
96,,T1548.003,Abuse Elevation Control Mechanism: Sudo and Sudo Caching,[],[],,action.hacking.variety.Exploit misconfig,related-to,0
97,,T1548.003,Abuse Elevation Control Mechanism: Sudo and Sudo Caching,[],[],,action.malware.variety.Client-side attack,related-to,0
98,,T1548.004,Abuse Elevation Control Mechanism: Elevated Execution with Prompt,[],[],,action.hacking.variety.Abuse of functionality,related-to,0
99,,T1548.004,Abuse Elevation Control Mechanism: Elevated Execution with Prompt,[],[],,action.hacking.variety.Exploit misconfig,related-to,0
100,,T1559,Inter-Process Communication,[],[],,action.hacking.variety.Abuse of functionality,related-to,0
101,,T1559.001,Inter-Process Communication: Component Object Model,[],[],,action.hacking.variety.Abuse of functionality,related-to,0
102,,T1559.002,Inter-Process Communication: Dynamic Data Exchange,[],[],,action.hacking.variety.Abuse of functionality,related-to,0
103,,T1563,Remote Service Session Hijacking,[],[],,action.hacking.variety.Abuse of functionality,related-to,0
104,,T1563,Remote Service Session Hijacking,[],[],,action.malware.vector.Network propagation,related-to,0
105,,T1563.001,Remote Service Session Hijacking: SSH Hijacking,[],[],,action.hacking.variety.Abuse of functionality,related-to,0
106,,T1563.001,Remote Service Session Hijacking: SSH Hijacking,[],[],,action.malware.vector.Network propagation,related-to,0
107,,T1563.002,Remote Service Session Hijacking: RDP Hijacking,[],[],,action.hacking.variety.Abuse of functionality,related-to,0
108,,T1563.002,Remote Service Session Hijacking: RDP Hijacking,[],[],,action.malware.vector.Network propagation,related-to,0
109,,T1564,Hide Artifacts,[],[],,action.hacking.variety.Abuse of functionality,related-to,0
110,,T1564.001,Hide Artifacts: Hidden Files and Directories,[],[],,action.hacking.variety.Abuse of functionality,related-to,0
111,,T1564.002,Hide Artifacts: Hidden Users,[],[],,action.hacking.variety.Abuse of functionality,related-to,0
112,,T1564.003,Hide Artifacts: Hidden Window,[],[],,action.hacking.variety.Abuse of functionality,related-to,0
113,,T1564.004,Hide Artifacts: NTFS File Attributes,[],[],,action.hacking.variety.Abuse of functionality,related-to,0
114,,T1564.005,Hide Artifacts: Hidden File System,[],[],,action.hacking.variety.Abuse of functionality,related-to,0
115,,T1564.006,Hide Artifacts: Run Virtual Instance,[],[],,action.hacking.variety.Abuse of functionality,related-to,0
116,,T1564.007,Hide Artifacts: VBA Stomping,[],[],,action.hacking.variety.Abuse of functionality,related-to,0
117,,T1564.007,Hide Artifacts: VBA Stomping,[],[],,action.malware.variety.Trojan,related-to,0
118,,T1569,System Services,[],[],,action.hacking.variety.Abuse of functionality,related-to,0
119,,T1569.001,System Services: Launchctl,[],[],,action.hacking.variety.Abuse of functionality,related-to,0
120,,T1569.002,System Services: Service Execution,[],[],,action.hacking.variety.Abuse of functionality,related-to,0
121,,T1569.002,System Services: Service Execution,[],[],,action.malware.vector.Direct install,related-to,0
122,,T1578,Modify Cloud Computer Infrastructure,[],[],,action.hacking.variety.Abuse of functionality,related-to,0
123,,T1578,Modify Cloud Computer Infrastructure,[],[],,action.hacking.vector.Hypervisor,related-to,0
124,,T1578,Modify Cloud Computer Infrastructure,[],[],,action.hacking.vector.Inter-tenant,related-to,0
125,,T1578.001,Modify Cloud Computer Infrastructure: Create Snapshot,[],[],,action.hacking.variety.Abuse of functionality,related-to,0
126,,T1578.002,Modify Cloud Computer Infrastructure: Create Cloud Instance,[],[],,action.hacking.variety.Abuse of functionality,related-to,0
127,,T1578.003,Modify Cloud Computer Infrastructure: Delete Cloud Instance,[],[],,action.hacking.variety.Abuse of functionality,related-to,0
128,,T1578.004,Modify Cloud Computer Infrastructure: Revert Cloud Instance,[],[],,action.hacking.variety.Abuse of functionality,related-to,0
129,,T1609,Container Administration Command,[],[],,action.hacking.variety.Abuse of functionality,related-to,0
130,,T1110,Brute Force,[],[],,action.hacking.variety.Brute force,related-to,0
131,,T1110,Brute Force,[],[],,action.malware.variety.Brute force,related-to,0
132,,T1110.001,Brute Force: Password Guessing,[],[],,action.hacking.variety.Brute force,related-to,0
133,,T1110.001,Brute Force: Password Guessing,[],[],,action.malware.variety.Brute force,related-to,0
134,,T1110.002,Brute Force: Password Cracking,[],[],,action.hacking.variety.Brute force,related-to,0
135,,T1110.002,Brute Force: Password Cracking,[],[],,action.hacking.variety.Offline cracking,related-to,0
136,,T1110.002,Brute Force: Password Cracking,[],[],,action.malware.variety.Brute force,related-to,0
137,,T1110.003,Brute Force: Password Spraying,[],[],,action.hacking.variety.Brute force,related-to,0
138,,T1110.003,Brute Force: Password Spraying,[],[],,action.malware.variety.Brute force,related-to,0
139,,T1110.004,Brute Force: Credential Stuffing,[],[],,action.hacking.variety.Brute force,related-to,0
140,,T1110.004,Brute Force: Credential Stuffing,[],[],,action.malware.variety.Brute force,related-to,0
141,,T1203,Exploitation for Client Execution,[],[],,action.hacking.variety.Buffer overflow,related-to,0
142,,T1203,Exploitation for Client Execution,[],[],,action.hacking.variety.HTTP Response Splitting,related-to,0
143,,T1203,Exploitation for Client Execution,[],[],,action.hacking.variety.HTTP request smuggling,related-to,0
144,,T1203,Exploitation for Client Execution,[],[],,action.hacking.variety.HTTP request splitting,related-to,0
145,,T1203,Exploitation for Client Execution,[],[],,action.hacking.variety.HTTP response smuggling,related-to,0
146,,T1203,Exploitation for Client Execution,[],[],,action.malware.variety.Client-side attack,related-to,0
147,,T1203,Exploitation for Client Execution,[],[],,action.malware.vector.Email attachment,related-to,0
148,,T1600,Weaken Encryption,[],[],,action.hacking.variety.Cryptanalysis,related-to,0
149,,T1600,Weaken Encryption,[],[],,action.malware.variety.Disable controls,related-to,0
150,,T1498,Network Denial of Service,[],[],,action.hacking.variety.DoS,related-to,0
151,,T1498,Network Denial of Service,[],[],,action.malware.variety.DoS,related-to,0
152,,T1498.001,Network Denial of Service: Direct Network Flood,[],[],,action.hacking.variety.DoS,related-to,0
153,,T1498.001,Network Denial of Service: Direct Network Flood,[],[],,action.malware.variety.DoS,related-to,0
154,,T1498.002,Network Denial of Service: Reflection Amplification,[],[],,action.hacking.variety.DoS,related-to,0
155,,T1498.002,Network Denial of Service: Reflection Amplification,[],[],,action.malware.variety.DoS,related-to,0
156,,T1499,Endpoint Denial of Service,[],[],,action.hacking.variety.DoS,related-to,0
157,,T1499,Endpoint Denial of Service,[],[],,action.hacking.variety.Soap array abuse,related-to,0
158,,T1499,Endpoint Denial of Service,[],[],,action.hacking.variety.XML attribute blowup,related-to,0
159,,T1499,Endpoint Denial of Service,[],[],,action.hacking.variety.XML entity expansion,related-to,0
160,,T1499,Endpoint Denial of Service,[],[],,action.hacking.variety.XML external entities,related-to,0
161,,T1499,Endpoint Denial of Service,[],[],,action.malware.variety.DoS,related-to,0
162,,T1499.001,Endpoint Denial of Service: OS Exhaustion Flood,[],[],,action.hacking.variety.DoS,related-to,0
163,,T1499.001,Endpoint Denial of Service: OS Exhaustion Flood,[],[],,action.malware.variety.DoS,related-to,0
164,,T1499.002,Endpoint Denial of Service: Service Exhaustion Flood,[],[],,action.hacking.variety.DoS,related-to,0
165,,T1499.002,Endpoint Denial of Service: Service Exhaustion Flood,[],[],,action.malware.variety.DoS,related-to,0
166,,T1499.003,Endpoint Denial of Service: Application Exhaustion Flood,[],[],,action.hacking.variety.DoS,related-to,0
167,,T1499.003,Endpoint Denial of Service: Application Exhaustion Flood,[],[],,action.malware.variety.DoS,related-to,0
168,,T1499.004,Endpoint Denial of Service: Application or System Exploitation,[],[],,action.hacking.variety.DoS,related-to,0
169,,T1499.004,Endpoint Denial of Service: Application or System Exploitation,[],[],,action.malware.variety.DoS,related-to,0
170,,T1583.005,Acquire Infrastructure: Botnet,[],[],,action.hacking.variety.DoS,related-to,0
171,,T1583.005,Acquire Infrastructure: Botnet,[],[],,action.hacking.variety.Unknown,related-to,0
172,,T1583.005,Acquire Infrastructure: Botnet,[],[],,value_chain.development.variety.Bot,related-to,0
173,,T1583.005,Acquire Infrastructure: Botnet,[],[],,value_chain.distribution.variety.Botnet,related-to,0
174,,T1584.005,Compromise Infrastructure: Botnet,[],[],,action.hacking.variety.DoS,related-to,0
175,,T1584.005,Compromise Infrastructure: Botnet,[],[],,action.hacking.variety.Unknown,related-to,0
176,,T1584.005,Compromise Infrastructure: Botnet,[],[],,value_chain.distribution.variety.Other,related-to,0
177,,T1584.005,Compromise Infrastructure: Botnet,[],[],,value_chain.non-distribution services.variety.Other,related-to,0
178,,T1068,Exploitation for Privilege Escalation,[],[],,action.hacking.variety.Exploit misconfig,related-to,0
179,,T1068,Exploitation for Privilege Escalation,[],[],,action.hacking.variety.Exploit vuln,related-to,0
180,,T1068,Exploitation for Privilege Escalation,[],[],,action.hacking.variety.Format string attack,related-to,0
181,,T1068,Exploitation for Privilege Escalation,[],[],,action.hacking.variety.Fuzz testing,related-to,0
182,,T1068,Exploitation for Privilege Escalation,[],[],,action.hacking.variety.Insecure deserialization,related-to,0
183,,T1068,Exploitation for Privilege Escalation,[],[],,action.hacking.variety.Integer overflows,related-to,0
184,,T1068,Exploitation for Privilege Escalation,[],[],,action.hacking.variety.LDAP injection,related-to,0
185,,T1068,Exploitation for Privilege Escalation,[],[],,action.malware.variety.Exploit misconfig,related-to,0
186,,T1190,Exploit Public-Facing Application,[],[],,action.hacking.variety.Exploit misconfig,related-to,0
187,,T1190,Exploit Public-Facing Application,[],[],,action.malware.variety.Exploit vuln,related-to,0
188,,T1210,Exploitation of Remote Services,[],[],,action.hacking.variety.Exploit misconfig,related-to,0
189,,T1210,Exploitation of Remote Services,[],[],,action.malware.variety.Exploit vuln,related-to,0
190,,T1212,Exploitation for Credential Access,[],[],,action.hacking.variety.Exploit misconfig,related-to,0
191,,T1212,Exploitation for Credential Access,[],[],,action.hacking.variety.Exploit vuln,related-to,0
192,,T1212,Exploitation for Credential Access,[],[],,action.hacking.variety.Session fixation,related-to,0
193,,T1212,Exploitation for Credential Access,[],[],,action.malware.variety.Disable controls,related-to,0
194,,T1212,Exploitation for Credential Access,[],[],,action.malware.variety.Exploit vuln,related-to,0
195,,T1212,Exploitation for Credential Access,[],[],,action.malware.variety.Password dumper,related-to,0
196,,T1212,Exploitation for Credential Access,[],[],,action.malware.vector.Web application - drive-by,related-to,0
197,,T1558.004,Steal or Forge Kerberos Tickets: AS-REP Roasting,[],[],,action.hacking.variety.Exploit misconfig,related-to,0
198,,T1558.004,Steal or Forge Kerberos Tickets: AS-REP Roasting,[],[],,action.hacking.variety.Use of stolen creds,related-to,0
199,,T1558.004,Steal or Forge Kerberos Tickets: AS-REP Roasting,[],[],,action.malware.variety.Exploit misconfig,related-to,0
200,,T1574.001,Hijack Execution Flow: DLL Search Order Hijacking,[],[],,action.hacking.variety.Exploit misconfig,related-to,0
201,,T1574.001,Hijack Execution Flow: DLL Search Order Hijacking,[],[],,action.hacking.variety.Exploit vuln,related-to,0
202,,T1574.001,Hijack Execution Flow: DLL Search Order Hijacking,[],[],,action.hacking.variety.Unknown,related-to,0
203,,T1574.002,Hijack Execution Flow: DLL Side-Loading,[],[],,action.hacking.variety.Exploit misconfig,related-to,0
204,,T1574.002,Hijack Execution Flow: DLL Side-Loading,[],[],,action.hacking.variety.Exploit vuln,related-to,0
205,,T1574.002,Hijack Execution Flow: DLL Side-Loading,[],[],,action.hacking.variety.Unknown,related-to,0
206,,T1574.005,Hijack Execution Flow: Executable Installer File Permissions Weakness,[],[],,action.hacking.variety.Exploit misconfig,related-to,0
207,,T1574.005,Hijack Execution Flow: Executable Installer File Permissions Weakness,[],[],,action.hacking.variety.Unknown,related-to,0
208,,T1574.010,Hijack Execution Flow: Services File Permissions Weakness,[],[],,action.hacking.variety.Exploit misconfig,related-to,0
209,,T1574.011,Hijack Execution Flow: Services Registry Permissions Weakness,[],[],,action.hacking.variety.Exploit misconfig,related-to,0
210,,T1574.004,Hijack Execution Flow: Dylib Hijacking,[],[],,action.hacking.variety.Exploit vuln,related-to,0
211,,T1574.004,Hijack Execution Flow: Dylib Hijacking,[],[],,action.hacking.variety.Unknown,related-to,0
212,,T1595.002,Active Scanning: Vulnerability Scanning,[],[],,action.hacking.variety.Exploit vuln,related-to,0
213,,T1595.002,Active Scanning: Vulnerability Scanning,[],[],,action.malware.variety.Exploit vuln,related-to,0
214,,T1595.002,Active Scanning: Vulnerability Scanning,[],[],,action.malware.variety.Scan network,related-to,0
215,,T1595.002,Active Scanning: Vulnerability Scanning,[],[],,value_chain.targeting.variety.Organizational Information,related-to,0
216,,T1007,System Service Discovery,[],[],,action.hacking.variety.Footprinting,related-to,0
217,,T1012,Query Registry,[],[],,action.hacking.variety.Footprinting,related-to,0
218,,T1057,Process Discovery,[],[],,action.hacking.variety.Footprinting,related-to,0
219,,T1069,Permission Groups Discovery,[],[],,action.hacking.variety.Footprinting,related-to,0
220,,T1069.001,Permission Groups Discovery: Local Groups,[],[],,action.hacking.variety.Footprinting,related-to,0
221,,T1069.002,Permission Groups Discovery: Domain Groups,[],[],,action.hacking.variety.Footprinting,related-to,0
222,,T1069.003,Permission Groups Discovery: Cloud Groups,[],[],,action.hacking.variety.Footprinting,related-to,0
223,,T1082,System Information Discovery,[],[],,action.hacking.variety.Footprinting,related-to,0
224,,T1087,Account Discovery,[],[],,action.hacking.variety.Footprinting,related-to,0
225,,T1087.001,Account Discovery: Local Account,[],[],,action.hacking.variety.Footprinting,related-to,0
226,,T1087.002,Account Discovery: Domain Account,[],[],,action.hacking.variety.Footprinting,related-to,0
227,,T1087.003,Account Discovery: Email Account,[],[],,action.hacking.variety.Footprinting,related-to,0
228,,T1087.004,Account Discovery: Cloud Account,[],[],,action.hacking.variety.Footprinting,related-to,0
229,,T1119,Automated Collection,[],[],,action.hacking.variety.Footprinting,related-to,0
230,,T1119,Automated Collection,[],[],,action.malware.variety.Capture stored data,related-to,0
231,,T1120,Peripheral Device Discovery,[],[],,action.hacking.variety.Footprinting,related-to,0
232,,T1124,System Time Discovery,[],[],,action.hacking.variety.Footprinting,related-to,0
233,,T1201,Password Policy Discovery,[],[],,action.hacking.variety.Footprinting,related-to,0
234,,T1480,Execution Guardrails,[],[],,action.hacking.variety.Footprinting,related-to,0
235,,T1480.001,Execution Guardrails: Environmental Keying,[],[],,action.hacking.variety.Footprinting,related-to,0
236,,T1518,Software Discovery,[],[],,action.hacking.variety.Footprinting,related-to,0
237,,T1518.001,Software Discovery: Security Software Discovery,[],[],,action.hacking.variety.Footprinting,related-to,0
238,,T1526,Cloud Service Discovery,[],[],,action.hacking.variety.Footprinting,related-to,0
239,,T1538,Cloud Service Dashboard,[],[],,action.hacking.variety.Footprinting,related-to,0
240,,T1580,Cloud Infrastructure Discovery,[],[],,action.hacking.variety.Footprinting,related-to,0
241,,T1589,Gather Victim Identity Information,[],[],,action.hacking.variety.Footprinting,related-to,0
242,,T1589,Gather Victim Identity Information,[],[],,value_chain.targeting.variety.Personal Information,related-to,0
243,,T1589.001,Gather Victim Identity Information: Credentials,[],[],,action.hacking.variety.Footprinting,related-to,0
244,,T1589.001,Gather Victim Identity Information: Credentials,[],[],,value_chain.targeting.variety.Lost or stolen credentials,related-to,0
245,,T1589.001,Gather Victim Identity Information: Credentials,[],[],,value_chain.targeting.variety.Personal Information,related-to,0
246,,T1589.002,Gather Victim Identity Information: Email Addresses,[],[],,action.hacking.variety.Footprinting,related-to,0
247,,T1589.002,Gather Victim Identity Information: Email Addresses,[],[],,value_chain.targeting.variety.Email addresses,related-to,0
248,,T1589.002,Gather Victim Identity Information: Email Addresses,[],[],,value_chain.targeting.variety.Personal Information,related-to,0
249,,T1589.003,Gather Victim Identity Information: Employee Names,[],[],,action.hacking.variety.Footprinting,related-to,0
250,,T1589.003,Gather Victim Identity Information: Employee Names,[],[],,value_chain.targeting.variety.Personal Information,related-to,0
251,,T1590,Gather Victim Network Information,[],[],,action.hacking.variety.Footprinting,related-to,0
252,,T1590,Gather Victim Network Information,[],[],,value_chain.targeting.variety.Organizational Information,related-to,0
253,,T1590.001,Gather Victim Network Information: Domain Properties,[],[],,action.hacking.variety.Footprinting,related-to,0
254,,T1590.001,Gather Victim Network Information: Domain Properties,[],[],,value_chain.targeting.variety.Organizational Information,related-to,0
255,,T1590.002,Gather Victim Network Information: DNS,[],[],,action.hacking.variety.Footprinting,related-to,0
256,,T1590.002,Gather Victim Network Information: DNS,[],[],,value_chain.targeting.variety.Organizational Information,related-to,0
257,,T1590.003,Gather Victim Network Information: Network Trust Dependencies,[],[],,action.hacking.variety.Footprinting,related-to,0
258,,T1590.003,Gather Victim Network Information: Network Trust Dependencies,[],[],,value_chain.targeting.variety.Organizational Information,related-to,0
259,,T1590.004,Gather Victim Network Information: Network Topology,[],[],,action.hacking.variety.Footprinting,related-to,0
260,,T1590.004,Gather Victim Network Information: Network Topology,[],[],,value_chain.targeting.variety.Organizational Information,related-to,0
261,,T1590.005,Gather Victim Network Information: IP Addresses,[],[],,action.hacking.variety.Footprinting,related-to,0
262,,T1590.005,Gather Victim Network Information: IP Addresses,[],[],,value_chain.targeting.variety.Organizational Information,related-to,0
263,,T1590.006,Gather Victim Network Information: Network Security Appliances,[],[],,action.hacking.variety.Footprinting,related-to,0
264,,T1590.006,Gather Victim Network Information: Network Security Appliances,[],[],,value_chain.targeting.variety.Organizational Information,related-to,0
265,,T1591,Gather Victim Org Information,[],[],,action.hacking.variety.Footprinting,related-to,0
266,,T1591,Gather Victim Org Information,[],[],,value_chain.targeting.variety.Organizational Information,related-to,0
267,,T1591.001,Gather Victim Org Information: Determine Physical Locations,[],[],,action.hacking.variety.Footprinting,related-to,0
268,,T1591.001,Gather Victim Org Information: Determine Physical Locations,[],[],,value_chain.targeting.variety.Organizational Information,related-to,0
269,,T1591.002,Gather Victim Org Information: Business Relationships,[],[],,action.hacking.variety.Footprinting,related-to,0
270,,T1591.002,Gather Victim Org Information: Business Relationships,[],[],,value_chain.targeting.variety.Organizational Information,related-to,0
271,,T1591.003,Gather Victim Org Information: Identify Business  Tempo,[],[],,action.hacking.variety.Footprinting,related-to,0
272,,T1591.003,Gather Victim Org Information: Identify Business  Tempo,[],[],,value_chain.targeting.variety.Organizational Information,related-to,0
273,,T1591.004,Gather Victim Org Information: Identify Roles,[],[],,action.hacking.variety.Footprinting,related-to,0
274,,T1591.004,Gather Victim Org Information: Identify Roles,[],[],,value_chain.targeting.variety.Organizational Information,related-to,0
275,,T1592,Gather Victim Host Information,[],[],,action.hacking.variety.Footprinting,related-to,0
276,,T1592,Gather Victim Host Information,[],[],,value_chain.targeting.variety.Organizational Information,related-to,0
277,,T1592.001,Gather Victim Host Information: Hardware,[],[],,action.hacking.variety.Footprinting,related-to,0
278,,T1592.001,Gather Victim Host Information: Hardware,[],[],,value_chain.targeting.variety.Organizational Information,related-to,0
279,,T1592.002,Gather Victim Host Information: Software,[],[],,action.hacking.variety.Footprinting,related-to,0
280,,T1592.002,Gather Victim Host Information: Software,[],[],,value_chain.targeting.variety.Organizational Information,related-to,0
281,,T1592.003,Gather Victim Host Information: Firmware,[],[],,action.hacking.variety.Footprinting,related-to,0
282,,T1592.003,Gather Victim Host Information: Firmware,[],[],,value_chain.targeting.variety.Organizational Information,related-to,0
283,,T1592.004,Gather Victim Host Information: Client Configurations,[],[],,action.hacking.variety.Footprinting,related-to,0
284,,T1592.004,Gather Victim Host Information: Client Configurations,[],[],,value_chain.targeting.variety.Organizational Information,related-to,0
285,,T1593,Search Open Websites/Domains,[],[],,action.hacking.variety.Footprinting,related-to,0
286,,T1593,Search Open Websites/Domains,[],[],,value_chain.targeting.variety.Organizational Information,related-to,0
287,,T1593.001,Search Open Websites/Domains: Social Media,[],[],,action.hacking.variety.Footprinting,related-to,0
288,,T1593.001,Search Open Websites/Domains: Social Media,[],[],,value_chain.targeting.variety.Organizational Information,related-to,0
289,,T1593.002,Search Open Websites/Domains: Search Engines,[],[],,action.hacking.variety.Footprinting,related-to,0
290,,T1593.002,Search Open Websites/Domains: Search Engines,[],[],,value_chain.targeting.variety.Organizational Information,related-to,0
291,,T1594,Search Victim-Owned Websites,[],[],,action.hacking.variety.Footprinting,related-to,0
292,,T1594,Search Victim-Owned Websites,[],[],,value_chain.targeting.variety.Organizational Information,related-to,0
293,,T1596,Search Open Technical Databases,[],[],,action.hacking.variety.Footprinting,related-to,0
294,,T1596,Search Open Technical Databases,[],[],,value_chain.targeting.variety.Organizational Information,related-to,0
295,,T1596.001,Search Open Technical Databases: DNS/Passive DNS,[],[],,action.hacking.variety.Footprinting,related-to,0
296,,T1596.001,Search Open Technical Databases: DNS/Passive DNS,[],[],,value_chain.targeting.variety.Organizational Information,related-to,0
297,,T1596.002,Search Open Technical Databases: WHOIS,[],[],,action.hacking.variety.Footprinting,related-to,0
298,,T1596.002,Search Open Technical Databases: WHOIS,[],[],,value_chain.targeting.variety.Organizational Information,related-to,0
299,,T1596.003,Search Open Technical Databases: Digital Certificates,[],[],,action.hacking.variety.Footprinting,related-to,0
300,,T1596.003,Search Open Technical Databases: Digital Certificates,[],[],,value_chain.targeting.variety.Organizational Information,related-to,0
301,,T1596.004,Search Open Technical Databases: CDNs,[],[],,action.hacking.variety.Footprinting,related-to,0
302,,T1596.004,Search Open Technical Databases: CDNs,[],[],,value_chain.targeting.variety.Organizational Information,related-to,0
303,,T1596.005,Search Open Technical Databases: Scan Databases,[],[],,action.hacking.variety.Footprinting,related-to,0
304,,T1596.005,Search Open Technical Databases: Scan Databases,[],[],,value_chain.targeting.variety.Organizational Information,related-to,0
305,,T1597,Search Closed Sources,[],[],,action.hacking.variety.Footprinting,related-to,0
306,,T1597,Search Closed Sources,[],[],,value_chain.targeting.variety.Organizational Information,related-to,0
307,,T1597.001,Search Closed Sources: Threat Intel Vendors,[],[],,action.hacking.variety.Footprinting,related-to,0
308,,T1597.001,Search Closed Sources: Threat Intel Vendors,[],[],,value_chain.targeting.variety.Organizational Information,related-to,0
309,,T1597.002,Search Closed Sources:  Purchase Technical Data,[],[],,action.hacking.variety.Footprinting,related-to,0
310,,T1597.002,Search Closed Sources:  Purchase Technical Data,[],[],,value_chain.targeting.variety.Organizational Information,related-to,0
311,,T1602,Data from Configuration Repository,[],[],,action.hacking.variety.Footprinting,related-to,0
312,,T1602,Data from Configuration Repository,[],[],,action.malware.variety.Capture stored data,related-to,0
313,,T1602.001,Data from Configuration Repository: SNMP (MIB Dump),[],[],,action.hacking.variety.Footprinting,related-to,0
314,,T1602.002,Data from Configuration Repository: Network Device Configuration Dump,[],[],,action.hacking.variety.Footprinting,related-to,0
315,,T1613,Container and Resource Discovery,[],[],,action.hacking.variety.Footprinting,related-to,0
316,,T1614,System Location Discovery,[],[],,action.hacking.variety.Footprinting,related-to,0
317,,T1539,Steal Web Session Cookie,[],[],,action.hacking.variety.Forced browsing,related-to,0
318,,T1539,Steal Web Session Cookie,[],[],,action.hacking.variety.MitM,related-to,0
319,,T1539,Steal Web Session Cookie,[],[],,action.malware.variety.Capture app data,related-to,0
320,,T1583.003,Acquire Infrastructure: Virtual Private Server,[],[],,action.hacking.variety.Forced browsing,related-to,0
321,,T1583.003,Acquire Infrastructure: Virtual Private Server,[],[],,action.hacking.variety.Unknown,related-to,0
322,,T1583.003,Acquire Infrastructure: Virtual Private Server,[],[],,value_chain.distribution.variety.Other,related-to,0
323,,T1583.003,Acquire Infrastructure: Virtual Private Server,[],[],,value_chain.non-distribution services.variety.Other,related-to,0
324,,T1583.004,Acquire Infrastructure: Server,[],[],,action.hacking.variety.Forced browsing,related-to,0
325,,T1583.004,Acquire Infrastructure: Server,[],[],,action.hacking.variety.Unknown,related-to,0
326,,T1583.004,Acquire Infrastructure: Server,[],[],,value_chain.distribution.variety.Other,related-to,0
327,,T1583.004,Acquire Infrastructure: Server,[],[],,value_chain.non-distribution services.variety.Other,related-to,0
328,,T1583.006,Acquire Infrastructure: Web Services,[],[],,action.hacking.variety.Forced browsing,related-to,0
329,,T1583.006,Acquire Infrastructure: Web Services,[],[],,action.hacking.variety.Unknown,related-to,0
330,,T1583.006,Acquire Infrastructure: Web Services,[],[],,action.malware.variety.C2,related-to,0
331,,T1583.006,Acquire Infrastructure: Web Services,[],[],,value_chain.development.variety.Website,related-to,0
332,,T1583.006,Acquire Infrastructure: Web Services,[],[],,value_chain.distribution.variety.Other,related-to,0
333,,T1583.006,Acquire Infrastructure: Web Services,[],[],,value_chain.non-distribution services.variety.Other,related-to,0
334,,T1185,Man in the Browser,[],[],,action.hacking.variety.HTTP Response Splitting,related-to,0
335,,T1185,Man in the Browser,[],[],,action.hacking.variety.HTTP request smuggling,related-to,0
336,,T1185,Man in the Browser,[],[],,action.hacking.variety.HTTP request splitting,related-to,0
337,,T1185,Man in the Browser,[],[],,action.hacking.variety.HTTP response smuggling,related-to,0
338,,T1185,Man in the Browser,[],[],,action.hacking.variety.MitM,related-to,0
339,,T1185,Man in the Browser,[],[],,action.hacking.variety.Session fixation,related-to,0
340,,T1185,Man in the Browser,[],[],,action.malware.variety.Capture app data,related-to,0
341,,T1557,Man-in-the-Middle,[],[],,action.hacking.variety.MitM,related-to,0
342,,T1557,Man-in-the-Middle,[],[],,action.hacking.variety.Routing detour,related-to,0
343,,T1557.001,Man-in-the-Middle: LLMNR/NBT-NS Poisoning and Relay,[],[],,action.hacking.variety.MitM,related-to,0
344,,T1557.002,Man-in-the-Middle: ARP Cache Poisoning,[],[],,action.hacking.variety.MitM,related-to,0
345,,T1550.002,Use Alternate Authentication Material: Pass the Hash,[],[],,action.hacking.variety.Pass-the-hash,related-to,0
346,,T1550.002,Use Alternate Authentication Material: Pass the Hash,[],[],,action.hacking.variety.Use of stolen creds,related-to,0
347,,T1550.002,Use Alternate Authentication Material: Pass the Hash,[],[],,action.malware.variety.Password dumper,related-to,0
348,,T1001,Data Obfuscation,[],[],,action.hacking.variety.Use of backdoor or C2,related-to,0
349,,T1001,Data Obfuscation,[],[],,action.hacking.vector.Backdoor or C2,related-to,0
350,,T1001,Data Obfuscation,[],[],,action.malware.variety.Unknown,related-to,0
351,,T1008,Fallback Channels,[],[],,action.hacking.variety.Use of backdoor or C2,related-to,0
352,,T1008,Fallback Channels,[],[],,action.hacking.vector.Backdoor or C2,related-to,0
353,,T1008,Fallback Channels,[],[],,action.malware.variety.C2,related-to,0
354,,T1071,Application Layer Protocol,[],[],,action.hacking.variety.Use of backdoor or C2,related-to,0
355,,T1071,Application Layer Protocol,[],[],,action.hacking.vector.Backdoor or C2,related-to,0
356,,T1071,Application Layer Protocol,[],[],,action.malware.variety.C2,related-to,0
357,,T1071,Application Layer Protocol,[],[],,action.malware.variety.Unknown,related-to,0
358,,T1078,Valid Accounts,[],[],,action.hacking.variety.Use of backdoor or C2,related-to,0
359,,T1078,Valid Accounts,[],[],,action.hacking.variety.Use of stolen creds,related-to,0
360,,T1078,Valid Accounts,[],[],,action.hacking.vector.Backdoor or C2,related-to,0
361,,T1090,Proxy,[],[],,action.hacking.variety.Use of backdoor or C2,related-to,0
362,,T1090,Proxy,[],[],,action.hacking.vector.Backdoor or C2,related-to,0
363,,T1090,Proxy,[],[],,action.malware.variety.C2,related-to,0
364,,T1095,Non-Application Layer Protocol,[],[],,action.hacking.variety.Use of backdoor or C2,related-to,0
365,,T1095,Non-Application Layer Protocol,[],[],,action.hacking.vector.Backdoor or C2,related-to,0
366,,T1095,Non-Application Layer Protocol,[],[],,action.malware.variety.C2,related-to,0
367,,T1102,Web Service,[],[],,action.hacking.variety.Use of backdoor or C2,related-to,0
368,,T1102,Web Service,[],[],,action.hacking.vector.Backdoor or C2,related-to,0
369,,T1102,Web Service,[],[],,action.malware.variety.C2,related-to,0
370,,T1104,Multi-Stage Channels,[],[],,action.hacking.variety.Use of backdoor or C2,related-to,0
371,,T1104,Multi-Stage Channels,[],[],,action.hacking.vector.Backdoor or C2,related-to,0
372,,T1104,Multi-Stage Channels,[],[],,action.malware.variety.C2,related-to,0
373,,T1105,Ingress Tool Transfer,[],[],,action.hacking.variety.Unknown,related-to,0
374,,T1105,Ingress Tool Transfer,[],[],,action.hacking.variety.Use of backdoor or C2,related-to,0
375,,T1105,Ingress Tool Transfer,[],[],,action.hacking.vector.Backdoor or C2,related-to,0
376,,T1132,Data Encoding,[],[],,action.hacking.variety.Use of backdoor or C2,related-to,0
377,,T1132,Data Encoding,[],[],,action.hacking.vector.Backdoor or C2,related-to,0
378,,T1132,Data Encoding,[],[],,action.malware.variety.C2,related-to,0
379,,T1133,External Remote Services,[],[],,action.hacking.variety.Use of backdoor or C2,related-to,0
380,,T1133,External Remote Services,[],[],,action.hacking.variety.Use of stolen creds,related-to,0
381,,T1133,External Remote Services,[],[],,action.hacking.vector.3rd party desktop,related-to,0
382,,T1133,External Remote Services,[],[],,action.hacking.vector.Backdoor or C2,related-to,0
383,,T1133,External Remote Services,[],[],,action.hacking.vector.Desktop sharing software,related-to,0
384,,T1133,External Remote Services,[],[],,action.malware.variety.Backdoor,related-to,0
385,,T1133,External Remote Services,[],[],,action.malware.variety.Exploit vuln,related-to,0
386,,T1133,External Remote Services,[],[],,action.malware.vector.Remote injection,related-to,0
387,,T1133,External Remote Services,[],[],,action.malware.vector.Web application,related-to,0
388,,T1205,Traffic Signaling,[],[],,action.hacking.variety.Use of backdoor or C2,related-to,0
389,,T1205,Traffic Signaling,[],[],,action.hacking.vector.Backdoor or C2,related-to,0
390,,T1205,Traffic Signaling,[],[],,action.malware.variety.C2,related-to,0
391,,T1505,Server Software Component,[],[],,action.hacking.variety.Use of backdoor or C2,related-to,0
392,,T1505,Server Software Component,[],[],,action.hacking.vector.Backdoor or C2,related-to,0
393,,T1505,Server Software Component,[],[],,action.malware.variety.Backdoor,related-to,0
394,,T1505.003,Server Software Component: Web Shell,[],[],,action.hacking.variety.Use of backdoor or C2,related-to,0
395,,T1505.003,Server Software Component: Web Shell,[],[],,action.hacking.vector.Backdoor or C2,related-to,0
396,,T1505.003,Server Software Component: Web Shell,[],[],,action.malware.variety.Backdoor,related-to,0
397,,T1525,Implant Container Image,[],[],,action.hacking.variety.Use of backdoor or C2,related-to,0
398,,T1525,Implant Container Image,[],[],,action.hacking.vector.Backdoor or C2,related-to,0
399,,T1525,Implant Container Image,[],[],,action.malware.variety.Backdoor,related-to,0
400,,T1525,Implant Container Image,[],[],,action.malware.variety.RAT,related-to,0
401,,T1525,Implant Container Image,[],[],,action.malware.variety.Unknown,related-to,0
402,,T1568,Dynamic Resolution,[],[],,action.hacking.variety.Use of backdoor or C2,related-to,0
403,,T1568,Dynamic Resolution,[],[],,action.hacking.vector.Backdoor or C2,related-to,0
404,,T1568,Dynamic Resolution,[],[],,action.malware.variety.C2,related-to,0
405,,T1568,Dynamic Resolution,[],[],,action.malware.vector.Download by malware,related-to,0
406,,T1571,Non-Standard Port,[],[],,action.hacking.variety.Use of backdoor or C2,related-to,0
407,,T1571,Non-Standard Port,[],[],,action.hacking.vector.Backdoor or C2,related-to,0
408,,T1571,Non-Standard Port,[],[],,action.malware.variety.C2,related-to,0
409,,T1572,Protocol Tunneling,[],[],,action.hacking.variety.Use of backdoor or C2,related-to,0
410,,T1572,Protocol Tunneling,[],[],,action.hacking.vector.Backdoor or C2,related-to,0
411,,T1572,Protocol Tunneling,[],[],,action.malware.variety.C2,related-to,0
412,,T1573,Encrypted Channels,[],[],,action.hacking.variety.Use of backdoor or C2,related-to,0
413,,T1573,Encrypted Channels,[],[],,action.hacking.vector.Backdoor or C2,related-to,0
414,,T1573,Encrypted Channels,[],[],,action.malware.variety.C2,related-to,0
415,,T1573.001,Encrypted Channels: Symmetric Cryptography,[],[],,action.hacking.variety.Use of backdoor or C2,related-to,0
416,,T1573.001,Encrypted Channels: Symmetric Cryptography,[],[],,action.malware.variety.C2,related-to,0
417,,T1573.002,Encrypted Channels: Asymmetric Cryptography,[],[],,action.hacking.variety.Use of backdoor or C2,related-to,0
418,,T1573.002,Encrypted Channels: Asymmetric Cryptography,[],[],,action.malware.variety.C2,related-to,0
419,,T1021,Remote Services,[],[],,action.hacking.variety.Use of stolen creds,related-to,0
420,,T1021,Remote Services,[],[],,action.malware.vector.Network propagation,related-to,0
421,,T1021.001,Remote Services: Remote Desktop Protocol,[],[],,action.hacking.variety.Use of stolen creds,related-to,0
422,,T1021.001,Remote Services: Remote Desktop Protocol,[],[],,action.hacking.vector.Desktop sharing software,related-to,0
423,,T1021.002,Remote Services: SMB/Windows Admin Shares,[],[],,action.hacking.variety.Use of stolen creds,related-to,0
424,,T1021.002,Remote Services: SMB/Windows Admin Shares,[],[],,action.hacking.vector.Command shell,related-to,0
425,,T1021.003,Remote Services: Distributed Component Object Model,[],[],,action.hacking.variety.Use of stolen creds,related-to,0
426,,T1021.003,Remote Services: Distributed Component Object Model,[],[],,action.hacking.vector.Command shell,related-to,0
427,,T1021.004,Remote Services: SSH,[],[],,action.hacking.variety.Use of stolen creds,related-to,0
428,,T1021.004,Remote Services: SSH,[],[],,action.hacking.vector.Command shell,related-to,0
429,,T1021.005,Remote Services: VNC,[],[],,action.hacking.variety.Use of stolen creds,related-to,0
430,,T1021.005,Remote Services: VNC,[],[],,action.hacking.vector.Desktop sharing software,related-to,0
431,,T1021.006,Remote Services: Windows Remote Management,[],[],,action.hacking.variety.Use of stolen creds,related-to,0
432,,T1021.006,Remote Services: Windows Remote Management,[],[],,action.hacking.vector.Command shell,related-to,0
433,,T1078.001,Valid Accounts: Default Accounts,[],[],,action.hacking.variety.Use of stolen creds,related-to,0
434,,T1078.002,Valid Accounts: Domain Accounts,[],[],,action.hacking.variety.Use of stolen creds,related-to,0
435,,T1078.003,Valid Accounts: Local Accounts,[],[],,action.hacking.variety.Use of stolen creds,related-to,0
436,,T1078.004,Valid Accounts: Cloud Accounts,[],[],,action.hacking.variety.Use of stolen creds,related-to,0
437,,T1134,Access Token Manipulation,[],[],,action.hacking.variety.Use of stolen creds,related-to,0
438,,T1134.001,Access Token Manipulation: Token Impersonation/Theft,[],[],,action.hacking.variety.Use of stolen creds,related-to,0
439,,T1134.002,Access Token Manipulation: Create Process with Token,[],[],,action.hacking.variety.Use of stolen creds,related-to,0
440,,T1134.003,Access Token Manipulation: Make and Impersonate Token,[],[],,action.hacking.variety.Use of stolen creds,related-to,0
441,,T1134.004,Access Token Manipulation: Parent PID Spoofing,[],[],,action.hacking.variety.Use of stolen creds,related-to,0
442,,T1134.005,Access Token Manipulation: SID-History Injection,[],[],,action.hacking.variety.Use of stolen creds,related-to,0
443,,T1550,Use Alternate Authentication Material,[],[],,action.hacking.variety.Use of stolen creds,related-to,0
444,,T1550,Use Alternate Authentication Material,[],[],,action.malware.vector.Network propagation,related-to,0
445,,T1550.001,Use Alternate Authentication Material: Application Access Token,[],[],,action.hacking.variety.Use of stolen creds,related-to,0
446,,T1550.003,Use Alternate Authentication Material: Pass the Ticket,[],[],,action.hacking.variety.Use of stolen creds,related-to,0
447,,T1550.004,Use Alternate Authentication Material: Web Session Cookies,[],[],,action.hacking.variety.Use of stolen creds,related-to,0
448,,T1558,Steal or Forge Kerberos Tickets,[],[],,action.hacking.variety.Use of stolen creds,related-to,0
449,,T1558.001,Steal or Forge Kerberos Tickets: Golden Ticket,[],[],,action.hacking.variety.Use of stolen creds,related-to,0
450,,T1558.002,Steal or Forge Kerberos Tickets: Silver Ticket,[],[],,action.hacking.variety.Use of stolen creds,related-to,0
451,,T1558.003,Steal or Forge Kerberos Tickets: Kerberoasting,[],[],,action.hacking.variety.Use of stolen creds,related-to,0
452,,T1586,Compromise Account,[],[],,action.hacking.variety.Use of stolen creds,related-to,0
453,,T1586.001,Compromise Account: Social Media Accounts,[],[],,action.hacking.variety.Use of stolen creds,related-to,0
454,,T1586.001,Compromise Account: Social Media Accounts,[],[],,action.social.variety.Phishing,related-to,0
455,,T1586.001,Compromise Account: Social Media Accounts,[],[],,action.social.variety.Pretexting,related-to,0
456,,T1586.002,Compromise Account: Email Accounts,[],[],,action.hacking.variety.Use of stolen creds,related-to,0
457,,T1611,Escape to Host,[],[],,action.hacking.variety.Virtual machine escape,related-to,0
458,,T1213,Data from Information Repository,[],[],,action.hacking.variety.XML external entities,related-to,0
459,,T1213,Data from Information Repository,[],[],,action.malware.variety.Capture stored data,related-to,0
460,,T1546,Event Triggered Execution,[],[],,action.hacking.variety.XML injection,related-to,0
461,,T1546,Event Triggered Execution,[],[],,action.hacking.vector.Backdoor or C2,related-to,0
462,,T1546,Event Triggered Execution,[],[],,action.malware.variety.Backdoor,related-to,0
463,,T1546,Event Triggered Execution,[],[],,attribute.integrity.variety.Alter behavior,related-to,0
464,,T1574,Hijack Execution Flow,[],[],,action.hacking.variety.Unknown,related-to,0
465,,T1574,Hijack Execution Flow,[],[],,action.hacking.variety.XML injection,related-to,0
466,,T1574,Hijack Execution Flow,[],[],,action.hacking.vector.Backdoor or C2,related-to,0
467,,T1574,Hijack Execution Flow,[],[],,action.malware.variety.Backdoor,related-to,0
468,,T1010,Application Window Discovery,[],[],,action.hacking.variety.XPath injection,related-to,0
469,,T1010,Application Window Discovery,[],[],,action.malware.variety.Capture stored data,related-to,0
470,,T1111,Two-Factor Authentication Interception,[],[],,action.hacking.variety.Unknown,related-to,0
471,,T1583,Acquire Infrastructure,[],[],,action.hacking.variety.Unknown,related-to,0
472,,T1583,Acquire Infrastructure,[],[],,action.malware.vector.Web application - download,related-to,0
473,,T1583.001,Acquire Infrastructure: Domains,[],[],,action.hacking.variety.Unknown,related-to,0
474,,T1583.001,Acquire Infrastructure: Domains,[],[],,action.malware.variety.C2,related-to,0
475,,T1583.001,Acquire Infrastructure: Domains,[],[],,value_chain.distribution.variety.Other,related-to,0
476,,T1583.001,Acquire Infrastructure: Domains,[],[],,value_chain.non-distribution services.variety.Other,related-to,0
477,,T1583.002,Acquire Infrastructure: DNS Server,[],[],,action.hacking.variety.Unknown,related-to,0
478,,T1583.002,Acquire Infrastructure: DNS Server,[],[],,action.malware.variety.C2,related-to,0
479,,T1583.002,Acquire Infrastructure: DNS Server,[],[],,value_chain.distribution.variety.Other,related-to,0
480,,T1583.002,Acquire Infrastructure: DNS Server,[],[],,value_chain.non-distribution services.variety.Other,related-to,0
481,,T1584,Compromise Infrastructure,[],[],,action.hacking.variety.Unknown,related-to,0
482,,T1584,Compromise Infrastructure,[],[],,action.malware.vector.Web application - download,related-to,0
483,,T1584,Compromise Infrastructure,[],[],,value_chain.distribution.variety.Other,related-to,0
484,,T1584,Compromise Infrastructure,[],[],,value_chain.non-distribution services.variety.Other,related-to,0
485,,T1584.001,Compromise Infrastructure: Domains,[],[],,action.hacking.variety.Unknown,related-to,0
486,,T1584.001,Compromise Infrastructure: Domains,[],[],,action.social.variety.Pretexting,related-to,0
487,,T1584.001,Compromise Infrastructure: Domains,[],[],,value_chain.distribution.variety.Other,related-to,0
488,,T1584.001,Compromise Infrastructure: Domains,[],[],,value_chain.non-distribution services.variety.Other,related-to,0
489,,T1584.002,Compromise Infrastructure: DNS Server,[],[],,action.hacking.variety.Unknown,related-to,0
490,,T1584.002,Compromise Infrastructure: DNS Server,[],[],,action.malware.variety.C2,related-to,0
491,,T1584.002,Compromise Infrastructure: DNS Server,[],[],,value_chain.distribution.variety.Compromised server,related-to,0
492,,T1584.002,Compromise Infrastructure: DNS Server,[],[],,value_chain.non-distribution services.variety.Other,related-to,0
493,,T1584.003,Compromise Infrastructure: Virtual Private Server,[],[],,action.hacking.variety.Unknown,related-to,0
494,,T1584.003,Compromise Infrastructure: Virtual Private Server,[],[],,value_chain.distribution.variety.Compromised server,related-to,0
495,,T1584.003,Compromise Infrastructure: Virtual Private Server,[],[],,value_chain.non-distribution services.variety.Other,related-to,0
496,,T1584.004,Compromise Infrastructure: Server,[],[],,action.hacking.variety.Unknown,related-to,0
497,,T1584.004,Compromise Infrastructure: Server,[],[],,value_chain.distribution.variety.Compromised server,related-to,0
498,,T1584.004,Compromise Infrastructure: Server,[],[],,value_chain.non-distribution services.variety.Other,related-to,0
499,,T1584.006,Compromise Infrastructure: Web Services,[],[],,action.hacking.variety.Unknown,related-to,0
500,,T1584.006,Compromise Infrastructure: Web Services,[],[],,value_chain.distribution.variety.Other,related-to,0
501,,T1584.006,Compromise Infrastructure: Web Services,[],[],,value_chain.non-distribution services.variety.Other,related-to,0
502,,T1587,Develop Capabilities,[],[],,action.hacking.variety.Unknown,related-to,0
503,,T1587,Develop Capabilities,[],[],,value_chain.development.variety.Unknown,related-to,0
504,,T1587.001,Develop Capabilities: Malware,[],[],,action.hacking.variety.Unknown,related-to,0
505,,T1587.001,Develop Capabilities: Malware,[],[],,action.malware.variety.Unknown,related-to,0
506,,T1587.001,Develop Capabilities: Malware,[],[],,value_chain.development.variety.Bot,related-to,0
507,,T1587.001,Develop Capabilities: Malware,[],[],,value_chain.development.variety.Payload,related-to,0
508,,T1587.001,Develop Capabilities: Malware,[],[],,value_chain.development.variety.Ransomware,related-to,0
509,,T1587.001,Develop Capabilities: Malware,[],[],,value_chain.development.variety.Trojan,related-to,0
510,,T1587.002,Develop Capabilities: Code Signing Certificates,[],[],,action.hacking.variety.Unknown,related-to,0
511,,T1587.002,Develop Capabilities: Code Signing Certificates,[],[],,value_chain.development.variety.Other,related-to,0
512,,T1587.003,Develop Capabilities: Digital Certificates,[],[],,action.hacking.variety.Unknown,related-to,0
513,,T1587.003,Develop Capabilities: Digital Certificates,[],[],,value_chain.development.variety.Other,related-to,0
514,,T1587.004,Develop Capabilities: Exploits,[],[],,action.hacking.variety.Unknown,related-to,0
515,,T1587.004,Develop Capabilities: Exploits,[],[],,action.malware.variety.Unknown,related-to,0
516,,T1587.004,Develop Capabilities: Exploits,[],[],,value_chain.development.variety.Exploit,related-to,0
517,,T1587.004,Develop Capabilities: Exploits,[],[],,value_chain.development.variety.Exploit Kits,related-to,0
518,,T1588,Obtain Capabilities,[],[],,action.hacking.variety.Unknown,related-to,0
519,,T1588,Obtain Capabilities,[],[],,value_chain.development.variety.Unknown,related-to,0
520,,T1588.001,Obtain Capabilities: Malware,[],[],,action.hacking.variety.Unknown,related-to,0
521,,T1588.001,Obtain Capabilities: Malware,[],[],,action.malware.variety.Unknown,related-to,0
522,,T1588.001,Obtain Capabilities: Malware,[],[],,value_chain.development.variety.Bot,related-to,0
523,,T1588.001,Obtain Capabilities: Malware,[],[],,value_chain.development.variety.Payload,related-to,0
524,,T1588.001,Obtain Capabilities: Malware,[],[],,value_chain.development.variety.Ransomware,related-to,0
525,,T1588.001,Obtain Capabilities: Malware,[],[],,value_chain.development.variety.Trojan,related-to,0
526,,T1588.002,Obtain Capabilities: Tool,[],[],,action.hacking.variety.Unknown,related-to,0
527,,T1588.003,Obtain Capabilities: Code Signing Certificates,[],[],,action.hacking.variety.Unknown,related-to,0
528,,T1588.003,Obtain Capabilities: Code Signing Certificates,[],[],,value_chain.development.variety.Other,related-to,0
529,,T1588.004,Obtain Capabilities: Digital Certificates,[],[],,action.hacking.variety.Unknown,related-to,0
530,,T1588.004,Obtain Capabilities: Digital Certificates,[],[],,value_chain.development.variety.Other,related-to,0
531,,T1588.005,Obtain Capabilities: Exploits,[],[],,action.hacking.variety.Unknown,related-to,0
532,,T1588.005,Obtain Capabilities: Exploits,[],[],,action.malware.variety.Unknown,related-to,0
533,,T1588.005,Obtain Capabilities: Exploits,[],[],,value_chain.development.variety.Exploit,related-to,0
534,,T1588.005,Obtain Capabilities: Exploits,[],[],,value_chain.development.variety.Exploit Kits,related-to,0
535,,T1588.006,Obtain Capabilities: Vulnerabilities,[],[],,action.hacking.variety.Unknown,related-to,0
536,,T1588.006,Obtain Capabilities: Vulnerabilities,[],[],,action.malware.variety.Unknown,related-to,0
537,,T1599,Network Boundry Bridging,[],[],,action.hacking.variety.Unknown,related-to,0
538,,T1599.001,Network Boundry Bridging: Network Address Translation Traversal,[],[],,action.hacking.variety.Unknown,related-to,0
539,,T1606,Forge Web Credentials,[],[],,action.hacking.variety.Unknown,related-to,0
540,,T1606.001,Forge Web Credentials: Web Cookies,[],[],,action.hacking.variety.Unknown,related-to,0
541,,T1606.002,Forge Web Credentials: SAML Tokens,[],[],,action.hacking.variety.Unknown,related-to,0
542,,T1531,Account Access Removal,[],[],,action.hacking.variety.Unknown,related-to,0
543,,T1531,Account Access Removal,[],[],,attribute.integrity.variety.Unknown,related-to,0
544,,T1037,Boot or Logon Initialization Script,[],[],,action.hacking.vector.Backdoor or C2,related-to,0
545,,T1037,Boot or Logon Initialization Script,[],[],,action.malware.variety.Backdoor,related-to,0
546,,T1037,Boot or Logon Initialization Script,[],[],,attribute.integrity.variety.Modify configuration,related-to,0
547,,T1098,Account Manipulation,[],[],,action.hacking.vector.Backdoor or C2,related-to,0
548,,T1098,Account Manipulation,[],[],,action.malware.variety.Backdoor,related-to,0
549,,T1098,Account Manipulation,[],[],,attribute.integrity.variety.Modify privileges,related-to,0
550,,T1136,Create Account,[],[],,action.hacking.vector.Backdoor or C2,related-to,0
551,,T1136,Create Account,[],[],,action.malware.variety.Modify data,related-to,0
552,,T1136,Create Account,[],[],,attribute.integrity.variety.Created account,related-to,0
553,,T1197,BITS Jobs,[],[],,action.hacking.vector.Backdoor or C2,related-to,0
554,,T1197,BITS Jobs,[],[],,action.malware.variety.Export data,related-to,0
555,,T1542,Pre-OS Boot,[],[],,action.hacking.vector.Backdoor or C2,related-to,0
556,,T1542,Pre-OS Boot,[],[],,action.malware.variety.Rootkit,related-to,0
557,,T1554,Compromise Client Software Binary,[],[],,action.hacking.vector.Backdoor or C2,related-to,0
558,,T1554,Compromise Client Software Binary,[],[],,action.malware.variety.Adminware,related-to,0
559,,T1554,Compromise Client Software Binary,[],[],,action.malware.variety.Backdoor,related-to,0
560,,T1554,Compromise Client Software Binary,[],[],,action.malware.variety.Trojan,related-to,0
561,,T1219,Remote Access Software,[],[],,action.hacking.vector.Desktop sharing software,related-to,0
562,,T1219,Remote Access Software,[],[],,action.malware.variety.Adminware,related-to,0
563,,T1497,Virtualization/Sandbox Evasion,[],[],,action.hacking.vector.Hypervisor,related-to,0
564,,T1497,Virtualization/Sandbox Evasion,[],[],,action.hacking.vector.Inter-tenant,related-to,0
565,,T1497,Virtualization/Sandbox Evasion,[],[],,action.malware.variety.Disable controls,related-to,0
566,,T1199,Trusted Relationship,[],[],,action.hacking.vector.Partner,related-to,0
567,,T1199,Trusted Relationship,[],[],,action.malware.variety.Adware,related-to,0
568,,T1195,Supply Chain Compromise,[],[],,action.hacking.vector.Partner,related-to,0
569,,T1195,Supply Chain Compromise,[],[],,action.malware.vector.Software update,related-to,0
570,,T1195.001,Supply Chain Compromise: Compromise Software Dependencies and Development Tools,[],[],,action.hacking.vector.Partner,related-to,0
571,,T1195.002,Supply Chain Compromise: Compromise Software Supply Chain,[],[],,action.hacking.vector.Partner,related-to,0
572,,T1195.003,Supply Chain Compromise: Compromise Hardware Supply Chain,[],[],,action.hacking.vector.Partner,related-to,0
573,,T1200,Hardware Additions,[],[],,action.hacking.vector.Physical access,related-to,0
574,,T1205.001,Traffic Signaling: Port Knocking,[],[],,action.malware.variety.Backdoor,related-to,0
575,,T1205.001,Traffic Signaling: Port Knocking,[],[],,action.malware.variety.C2,related-to,0
576,,T1001.001,Data Obfuscation: Junk Data,[],[],,action.malware.variety.C2,related-to,0
577,,T1001.001,Data Obfuscation: Junk Data,[],[],,action.malware.variety.Unknown,related-to,0
578,,T1071.001,Application Layer Protocol: Web Protocols,[],[],,action.malware.variety.C2,related-to,0
579,,T1071.001,Application Layer Protocol: Web Protocols,[],[],,action.malware.variety.Unknown,related-to,0
580,,T1071.002,Application Layer Protocol: File Transfer Protocol,[],[],,action.malware.variety.C2,related-to,0
581,,T1071.002,Application Layer Protocol: File Transfer Protocol,[],[],,action.malware.variety.Unknown,related-to,0
582,,T1071.003,Application Layer Protocol: Mail Protocols,[],[],,action.malware.variety.C2,related-to,0
583,,T1071.003,Application Layer Protocol: Mail Protocols,[],[],,action.malware.variety.Unknown,related-to,0
584,,T1071.004,Application Layer Protocol: DNS,[],[],,action.malware.variety.C2,related-to,0
585,,T1071.004,Application Layer Protocol: DNS,[],[],,action.malware.variety.Unknown,related-to,0
586,,T1090.001,Proxy: Internal Proxy,[],[],,action.malware.variety.C2,related-to,0
587,,T1090.002,Proxy: External Proxy,[],[],,action.malware.variety.C2,related-to,0
588,,T1090.003,Proxy: Multi-hop Proxy,[],[],,action.malware.variety.C2,related-to,0
589,,T1090.004,Proxy: Domain Fronting,[],[],,action.malware.variety.C2,related-to,0
590,,T1102.001,Web Service: Dead Drop Resolver,[],[],,action.malware.variety.C2,related-to,0
591,,T1102.002,Web Service: Bidirectional Communication,[],[],,action.malware.variety.C2,related-to,0
592,,T1102.003,Web Service: One-Way Communication,[],[],,action.malware.variety.C2,related-to,0
593,,T1132.001,Data Encoding: Standard Encoding,[],[],,action.malware.variety.C2,related-to,0
594,,T1132.002,Data Encoding: Non-Standard Encoding,[],[],,action.malware.variety.C2,related-to,0
595,,T1568.001,Dynamic Resolution: Fast Flux DNS,[],[],,action.malware.variety.C2,related-to,0
596,,T1568.002,Dynamic Resolution: Domain Generation Algorithms,[],[],,action.malware.variety.C2,related-to,0
597,,T1568.003,Dynamic Resolution: DNS Calculation,[],[],,action.malware.variety.C2,related-to,0
598,,T1056,Input Capture,[],[],,action.malware.variety.Capture app data,related-to,0
599,,T1056.001,Input Capture: Keylogging,[],[],,action.malware.variety.Capture app data,related-to,0
600,,T1056.002,Input Capture: GUI Input Capture,[],[],,action.malware.variety.Capture app data,related-to,0
601,,T1056.003,Input Capture: Web Portal Capture,[],[],,action.malware.variety.Capture app data,related-to,0
602,,T1056.004,Input Capture: Credential API Hooking,[],[],,action.malware.variety.Capture app data,related-to,0
603,,T1056.004,Input Capture: Credential API Hooking,[],[],,action.malware.variety.Password dumper,related-to,0
604,,T1056.004,Input Capture: Credential API Hooking,[],[],,action.malware.variety.Spyware/Keylogger,related-to,0
605,,T1113,Screen Capture,[],[],,action.malware.variety.Capture app data,related-to,0
606,,T1114,Email Collection,[],[],,action.malware.variety.Capture app data,related-to,0
607,,T1114.001,Email Collection: Local Email Collection,[],[],,action.malware.variety.Capture app data,related-to,0
608,,T1114.002,Email Collection: Remote Email Collection,[],[],,action.malware.variety.Capture app data,related-to,0
609,,T1114.003,Email Collection: Email Forwarding Rule,[],[],,action.malware.variety.Capture app data,related-to,0
610,,T1114.003,Email Collection: Email Forwarding Rule,[],[],,attribute.integrity.variety.Alter behavior,related-to,0
611,,T1123,Audio Capture,[],[],,action.malware.variety.Capture app data,related-to,0
612,,T1125,Video Capture,[],[],,action.malware.variety.Capture app data,related-to,0
613,,T1176,Browser Extensions,[],[],,action.malware.variety.Capture app data,related-to,0
614,,T1176,Browser Extensions,[],[],,action.malware.vector.Web application - drive-by,related-to,0
615,,T1207,Rogue Domain Controller,[],[],,action.malware.variety.Capture app data,related-to,0
616,,T1217,Browser Bookmark Discovery,[],[],,action.malware.variety.Capture app data,related-to,0
617,,T1528,Steal Application Access Token,[],[],,action.malware.variety.Capture app data,related-to,0
618,,T1003.002,OS Credential Dumping: Security Account Manager,[],[],,action.malware.variety.Capture stored data,related-to,0
619,,T1003.002,OS Credential Dumping: Security Account Manager,[],[],,action.malware.variety.Password dumper,related-to,0
620,,T1003.002,OS Credential Dumping: Security Account Manager,[],[],,action.malware.variety.RAM scraper,related-to,0
621,,T1003.003,OS Credential Dumping: NTDS,[],[],,action.malware.variety.Capture stored data,related-to,0
622,,T1003.003,OS Credential Dumping: NTDS,[],[],,action.malware.variety.Password dumper,related-to,0
623,,T1003.006,OS Credential Dumping: DCSync,[],[],,action.malware.variety.Capture stored data,related-to,0
624,,T1003.006,OS Credential Dumping: DCSync,[],[],,action.malware.variety.Export data,related-to,0
625,,T1003.006,OS Credential Dumping: DCSync,[],[],,action.malware.variety.Password dumper,related-to,0
626,,T1003.008,OS Credential Dumping: /etc/passwd and /etc/shadow,[],[],,action.malware.variety.Capture stored data,related-to,0
627,,T1003.008,OS Credential Dumping: /etc/passwd and /etc/shadow,[],[],,action.malware.variety.Password dumper,related-to,0
628,,T1005,Data from Local System,[],[],,action.malware.variety.Capture stored data,related-to,0
629,,T1025,Data from Removable Media,[],[],,action.malware.variety.Capture stored data,related-to,0
630,,T1033,System Owner/User Discovery,[],[],,action.malware.variety.Capture stored data,related-to,0
631,,T1039,Data from Network Shared Drive,[],[],,action.malware.variety.Capture stored data,related-to,0
632,,T1083,File and Directory Discovery,[],[],,action.malware.variety.Capture stored data,related-to,0
633,,T1213.001,Data from Information Repositories: Confluence,[],[],,action.malware.variety.Capture stored data,related-to,0
634,,T1213.002,Data from Information Repositories: Sharepoint,[],[],,action.malware.variety.Capture stored data,related-to,0
635,,T1530,Data from Cloud Storage Object,[],[],,action.malware.variety.Capture stored data,related-to,0
636,,T1496,Resource Hijacking,[],[],,action.malware.variety.Click fraud,related-to,0
637,,T1496,Resource Hijacking,[],[],,action.malware.variety.Click fraud and cryptocurrency mining,related-to,0
638,,T1496,Resource Hijacking,[],[],,action.malware.variety.Cryptocurrency mining,related-to,0
639,,T1221,Template Injection,[],[],,action.malware.variety.Client-side attack,related-to,0
640,,T1070,Indicator Removal on Host,[],[],,action.malware.variety.Destroy data,related-to,0
641,,T1070.001,Indicator Removal on Host: Clear Windows Event Logs,[],[],,action.malware.variety.Destroy data,related-to,0
642,,T1070.001,Indicator Removal on Host: Clear Windows Event Logs,[],[],,attribute.integrity.variety.Log tampering,related-to,0
643,,T1070.002,Indicator Removal on Host: Clear Linux or Mac System Logs,[],[],,action.malware.variety.Destroy data,related-to,0
644,,T1070.002,Indicator Removal on Host: Clear Linux or Mac System Logs,[],[],,attribute.integrity.variety.Log tampering,related-to,0
645,,T1070.003,Indicator Removal on Host: Clear Command History,[],[],,action.malware.variety.Destroy data,related-to,0
646,,T1070.004,Indicator Removal on Host: File Deletion,[],[],,action.malware.variety.Destroy data,related-to,0
647,,T1070.005,Indicator Removal on Host: Network Share Connection Removal,[],[],,action.malware.variety.Destroy data,related-to,0
648,,T1070.006,Indicator Removal on Host: Timestomp,[],[],,action.malware.variety.Destroy data,related-to,0
649,,T1485,Data Destruction,[],[],,action.malware.variety.Destroy data,related-to,0
650,,T1495,Firmware Corruption,[],[],,action.malware.variety.Destroy data,related-to,0
651,,T1561,Disk Wipe,[],[],,action.malware.variety.Destroy data,related-to,0
652,,T1561.001,Disk Wipe: Disk Content Wipe,[],[],,action.malware.variety.Destroy data,related-to,0
653,,T1561.002,Disk Wipe: Disk Structure Wipe,[],[],,action.malware.variety.Destroy data,related-to,0
654,,T1006,Direct Volume Access,[],[],,action.malware.variety.Disable controls,related-to,0
655,,T1027,Obfuscated Files or Information,[],[],,action.malware.variety.Disable controls,related-to,0
656,,T1027.001,Obfuscated Files or Information: Binary Padding,[],[],,action.malware.variety.Disable controls,related-to,0
657,,T1027.002,Obfuscated Files or Information: Software Packaging,[],[],,action.malware.variety.Disable controls,related-to,0
658,,T1027.003,Obfuscated Files or Information: Steganography,[],[],,action.malware.variety.Disable controls,related-to,0
659,,T1027.004,Obfuscated Files or Information: Compile After Dilevery,[],[],,action.malware.variety.Disable controls,related-to,0
660,,T1027.005,Obfuscated Files or Information: Indicator Removal from Tools,[],[],,action.malware.variety.Disable controls,related-to,0
661,,T1036,Masquerading,[],[],,action.malware.variety.Disable controls,related-to,0
662,,T1036,Masquerading,[],[],,action.malware.vector.Email attachment,related-to,0
663,,T1036.001,Masquerading: Invalid Code Signature,[],[],,action.malware.variety.Disable controls,related-to,0
664,,T1036.002,Masquerading: Right-to-Left Override,[],[],,action.malware.variety.Disable controls,related-to,0
665,,T1036.002,Masquerading: Right-to-Left Override,[],[],,action.social.variety.Forgery,related-to,0
666,,T1036.002,Masquerading: Right-to-Left Override,[],[],,action.social.variety.Phishing,related-to,0
667,,T1036.003,Masquerading: Rename System Utilities,[],[],,action.malware.variety.Disable controls,related-to,0
668,,T1036.003,Masquerading: Rename System Utilities,[],[],,action.malware.variety.Rootkit,related-to,0
669,,T1036.004,Masquerading: Masquerade Task or Service,[],[],,action.malware.variety.Disable controls,related-to,0
670,,T1036.005,Masquerading: Match Legitimate Name or Location,[],[],,action.malware.variety.Disable controls,related-to,0
671,,T1036.006,Masquerading: Space after Filename,[],[],,action.malware.variety.Disable controls,related-to,0
672,,T1222,File and Directory Permissions Modification,[],[],,action.malware.variety.Disable controls,related-to,0
673,,T1222.001,File and Directory Permissions Modification: Windows File and Directory Permissions Modification,[],[],,action.malware.variety.Disable controls,related-to,0
674,,T1222.002,File and Directory Permissions Modification: Linux and Mac File and Directory Permissions Modification,[],[],,action.malware.variety.Disable controls,related-to,0
675,,T1490,Inhibit System Recovery,[],[],,action.malware.variety.Disable controls,related-to,0
676,,T1490,Inhibit System Recovery,[],[],,action.malware.variety.Ransomware,related-to,0
677,,T1497.001,Virtualization/Sandbox Evasion: System Checks,[],[],,action.malware.variety.Disable controls,related-to,0
678,,T1497.002,Virtualization/Sandbox Evasion: User Activity Based Checks,[],[],,action.malware.variety.Disable controls,related-to,0
679,,T1497.003,Virtualization/Sandbox Evasion: Time Based Evasion,[],[],,action.malware.variety.Disable controls,related-to,0
680,,T1553,Subvert Trust Contols,[],[],,action.malware.variety.Disable controls,related-to,0
681,,T1553.001,Subvert Trust Contols: Gatekeeper Bypass,[],[],,action.malware.variety.Disable controls,related-to,0
682,,T1553.002,Subvert Trust Contols: Code Signing,[],[],,action.malware.variety.Disable controls,related-to,0
683,,T1553.003,Subvert Trust Contols: SIP and Trust Provider Hijacking,[],[],,action.malware.variety.Disable controls,related-to,0
684,,T1553.004,Subvert Trust Contols: Install Root Certificate,[],[],,action.malware.variety.Disable controls,related-to,0
685,,T1553.005,Subvert Trust Contols: Mark-of-the-Web Bypass,[],[],,action.malware.variety.Disable controls,related-to,0
686,,T1553.006,Subvert Trust Contols: Code Signing Policy Modification,[],[],,action.malware.variety.Disable controls,related-to,0
687,,T1562,Impair Defenses,[],[],,action.malware.variety.Disable controls,related-to,0
688,,T1562,Impair Defenses,[],[],,action.malware.variety.Modify data,related-to,0
689,,T1562.001,Impair Defenses: Disable or Modify Tools,[],[],,action.malware.variety.Disable controls,related-to,0
690,,T1562.002,Impair Defenses: Disable Windows Event Logging,[],[],,action.malware.variety.Disable controls,related-to,0
691,,T1562.003,Impair Defenses: Impair Command History Logging,[],[],,action.malware.variety.Disable controls,related-to,0
692,,T1562.004,Impair Defenses: Disable or Modify System Firewall,[],[],,action.malware.variety.Disable controls,related-to,0
693,,T1562.006,Impair Defenses: Indicator Blocking,[],[],,action.malware.variety.Disable controls,related-to,0
694,,T1562.007,Impair Defenses: Disable or Modify Cloud Firewall,[],[],,action.malware.variety.Disable controls,related-to,0
695,,T1562.008,Impair Defenses: Disable Cloud Logs,[],[],,action.malware.variety.Disable controls,related-to,0
696,,T1574.012,Hijack Execution Flow: COR_PROFILER,[],[],,action.malware.variety.Disable controls,related-to,0
697,,T1600.001,Weaken Encryption: Reduce Key Space,[],[],,action.malware.variety.Disable controls,related-to,0
698,,T1600.002,Weaken Encryption: Disable Crypto Hardware,[],[],,action.malware.variety.Disable controls,related-to,0
699,,T1601,Modify System Image,[],[],,action.malware.variety.Disable controls,related-to,0
700,,T1601.001,Modify System Image: Patch System Image,[],[],,action.malware.variety.Disable controls,related-to,0
701,,T1601.002,Modify System Image: Downgrade System Image,[],[],,action.malware.variety.Disable controls,related-to,0
702,,T1489,Service Stop,[],[],,action.malware.variety.DoS,related-to,0
703,,T1211,Exploitation for Defense Evasion,[],[],,action.malware.variety.Exploit vuln,related-to,0
704,,T1011,Exfiltration Over Other Network Medium,[],[],,action.malware.variety.Export data,related-to,0
705,,T1011.001,Exfiltration Over Other Network Medium: Exfiltration Over Bluetooth,[],[],,action.malware.variety.Export data,related-to,0
706,,T1020,Automated Exfiltration,[],[],,action.malware.variety.Export data,related-to,0
707,,T1020.001,Automated Exfiltration: Traffic Duplication,[],[],,action.malware.variety.Export data,related-to,0
708,,T1029,Scheduled Transfer,[],[],,action.malware.variety.Export data,related-to,0
709,,T1030,Data Transfer Size Limits,[],[],,action.malware.variety.Export data,related-to,0
710,,T1041,Exfiltration Over C2 Channels,[],[],,action.malware.variety.Export data,related-to,0
711,,T1048,Exfiltration Over Alternative Protocol,[],[],,action.malware.variety.Export data,related-to,0
712,,T1048.001,Exfiltration Over Alternative Protocol: Exfiltration Over Symmetric Encrypted Non-C2 Protocol,[],[],,action.malware.variety.Export data,related-to,0
713,,T1048.002,Exfiltration Over Alternative Protocol: Exfiltration Over Asymmetric Encrypted Non-C2 Protocol,[],[],,action.malware.variety.Export data,related-to,0
714,,T1048.003,Exfiltration Over Alternative Protocol: Exfiltration Over Unencrypted/Obfuscated Non-C2 Protcol,[],[],,action.malware.variety.Export data,related-to,0
715,,T1052,Exfiltration Over Physical Medium,[],[],,action.malware.variety.Export data,related-to,0
716,,T1052.001,Exfiltration Over Physical Medium: Exfiltration over USB,[],[],,action.malware.variety.Export data,related-to,0
717,,T1074,Data Staged,[],[],,action.malware.variety.Export data,related-to,0
718,,T1074.001,Data Staged: Local Data Staging,[],[],,action.malware.variety.Export data,related-to,0
719,,T1074.002,Data Staged: Remote Data Staging,[],[],,action.malware.variety.Export data,related-to,0
720,,T1537,Transfer Data to Cloud Account,[],[],,action.malware.variety.Export data,related-to,0
721,,T1560,Archive Collected Data,[],[],,action.malware.variety.Export data,related-to,0
722,,T1560.001,Archive Collected Data: Archive via Utility,[],[],,action.malware.variety.Export data,related-to,0
723,,T1560.002,Archive Collected Data: Archive via Library,[],[],,action.malware.variety.Export data,related-to,0
724,,T1560.003,Archive Collected Data: Archive via Custom Method,[],[],,action.malware.variety.Export data,related-to,0
725,,T1567,Exfiltration Over Web Service,[],[],,action.malware.variety.Export data,related-to,0
726,,T1567.001,Exfiltration Over Web Service: Exfiltration to Code Repository,[],[],,action.malware.variety.Export data,related-to,0
727,,T1567.002,Exfiltration Over Web Service: Exfiltration to Cloud Storage,[],[],,action.malware.variety.Export data,related-to,0
728,,T1003.007,OS Credential Dumping: Proc Filesystem,[],[],,action.malware.variety.In-memory,related-to,0
729,,T1003.007,OS Credential Dumping: Proc Filesystem,[],[],,action.malware.variety.Password dumper,related-to,0
730,,T1055,Process Injection,[],[],,action.malware.variety.In-memory,related-to,0
731,,T1055.001,Process Injection: Dynamic-link Library Injection,[],[],,action.malware.variety.In-memory,related-to,0
732,,T1055.002,Process Injection: Portable Executable Injection,[],[],,action.malware.variety.In-memory,related-to,0
733,,T1055.003,Process Injection: Thread Execution Hijacking,[],[],,action.malware.variety.In-memory,related-to,0
734,,T1055.004,Process Injection: Asynchronous Procedure Call,[],[],,action.malware.variety.In-memory,related-to,0
735,,T1055.005,Process Injection: Thread Local Storage,[],[],,action.malware.variety.In-memory,related-to,0
736,,T1055.008,Process Injection: Ptrace System Calls,[],[],,action.malware.variety.In-memory,related-to,0
737,,T1055.009,Process Injection: Proc Memory,[],[],,action.malware.variety.In-memory,related-to,0
738,,T1055.011,Process Injection: Extra Window Memory Injection,[],[],,action.malware.variety.In-memory,related-to,0
739,,T1055.012,Process Injection: Process Hollowing,[],[],,action.malware.variety.In-memory,related-to,0
740,,T1055.013,Process Injection: Process Doppelganging,[],[],,action.malware.variety.In-memory,related-to,0
741,,T1055.014,Process Injection: VDSO Hijacking,[],[],,action.malware.variety.In-memory,related-to,0
742,,T1115,Clipboard Data,[],[],,action.malware.variety.In-memory,related-to,0
743,,T1040,Network Sniffing,[],[],,action.malware.variety.Packet sniffer,related-to,0
744,,T1040,Network Sniffing,[],[],,action.malware.variety.Scan network,related-to,0
745,,T1003,OS Credential Dumping,[],[],,action.malware.variety.Password dumper,related-to,0
746,,T1003.001,OS Credential Dumping: LSASS Memory,[],[],,action.malware.variety.Password dumper,related-to,0
747,,T1003.001,OS Credential Dumping: LSASS Memory,[],[],,action.malware.variety.RAM scraper,related-to,0
748,,T1003.004,OS Credential Dumping: LSA Secrets,[],[],,action.malware.variety.Password dumper,related-to,0
749,,T1003.004,OS Credential Dumping: LSA Secrets,[],[],,action.malware.variety.RAM scraper,related-to,0
750,,T1003.005,OS Credential Dumping: Cached Domain Credentials,[],[],,action.malware.variety.Password dumper,related-to,0
751,,T1003.005,OS Credential Dumping: Cached Domain Credentials,[],[],,action.malware.variety.RAM scraper,related-to,0
752,,T1003.005,OS Credential Dumping: Cached Domain Credentials,[],[],,action.malware.vector.Email link,related-to,0
753,,T1552.001,Unsecured Credentials: Credentials in Files,[],[],,action.malware.variety.Password dumper,related-to,0
754,,T1552.002,Unsecured Credentials: Credentials in Registry,[],[],,action.malware.variety.Password dumper,related-to,0
755,,T1552.003,Unsecured Credentials: Bash History,[],[],,action.malware.variety.Password dumper,related-to,0
756,,T1552.004,Unsecured Credentials: Private Keys,[],[],,action.malware.variety.Password dumper,related-to,0
757,,T1552.005,Unsecured Credentials: Cloud Instance Metadata API,[],[],,action.malware.variety.Password dumper,related-to,0
758,,T1552.006,Unsecured Credentials: Group Policy Preferences,[],[],,action.malware.variety.Password dumper,related-to,0
759,,T1555,Credentials from Password Stores,[],[],,action.malware.variety.Password dumper,related-to,0
760,,T1555.001,Credentials from Password Stores: Keychain,[],[],,action.malware.variety.Password dumper,related-to,0
761,,T1555.002,Credentials from Password Stores: Securityd Memory,[],[],,action.malware.variety.Password dumper,related-to,0
762,,T1555.002,Credentials from Password Stores: Securityd Memory,[],[],,action.malware.variety.RAM scraper,related-to,0
763,,T1555.003,Credentials from Password Stores: Credentials from Web Browser,[],[],,action.malware.variety.Password dumper,related-to,0
764,,T1555.004,Credentials from Password Stores: Windows Credential Manager,[],[],,action.malware.variety.Password dumper,related-to,0
765,,T1555.005,Credentials from Password Stores: Password Managers,[],[],,action.malware.variety.Password dumper,related-to,0
766,,T1486,Data Encrypted for Impact,[],[],,action.malware.variety.Ransomware,related-to,0
767,,T1014,Rootkit,[],[],,action.malware.variety.Rootkit,related-to,0
768,,T1542.001,Pre-OS Boot: System Firmware,[],[],,action.malware.variety.Rootkit,related-to,0
769,,T1542.002,Pre-OS Boot: Component Firmware,[],[],,action.malware.variety.Rootkit,related-to,0
770,,T1542.003,Pre-OS Boot: Bootkit,[],[],,action.malware.variety.Rootkit,related-to,0
771,,T1542.004,Pre-OS Boot: ROMMONkit,[],[],,action.malware.variety.Rootkit,related-to,0
772,,T1542.005,Pre-OS Boot: TFTP Boot,[],[],,action.malware.variety.Rootkit,related-to,0
773,,T1016,System Network Configuration Discovery,[],[],,action.malware.variety.Scan network,related-to,0
774,,T1016.001,System Network Configuration Discovery: Internet Connection Discovery,[],[],,action.malware.variety.Scan network,related-to,0
775,,T1018,Remote System Discovery,[],[],,action.malware.variety.Scan network,related-to,0
776,,T1046,Network Service Scanning,[],[],,action.malware.variety.Scan network,related-to,0
777,,T1049,System Network Connections Discovery,[],[],,action.malware.variety.Scan network,related-to,0
778,,T1135,Network Share Discovery,[],[],,action.malware.variety.Scan network,related-to,0
779,,T1482,Domain Trust Discovery,[],[],,action.malware.variety.Scan network,related-to,0
780,,T1595,Active Scanning,[],[],,action.malware.variety.Scan network,related-to,0
781,,T1595,Active Scanning,[],[],,value_chain.targeting.variety.Organizational Information,related-to,0
782,,T1595.001,Active Scanning: Scanning IP Blocks,[],[],,action.malware.variety.Scan network,related-to,0
783,,T1595.001,Active Scanning: Scanning IP Blocks,[],[],,value_chain.targeting.variety.Organizational Information,related-to,0
784,,T1204.003,User Execution: Malicious Image,[],[],,action.malware.variety.Trojan,related-to,0
785,,T1204.003,User Execution: Malicious Image,[],[],,action.malware.variety.Unknown,related-to,0
786,,T1204.003,User Execution: Malicious Image,[],[],,action.social.variety.Phishing,related-to,0
787,,T1204.003,User Execution: Malicious Image,[],[],,action.social.variety.Pretexting,related-to,0
788,,T1080,Taint Shared Content,[],[],,action.malware.variety.Unknown,related-to,0
789,,T1080,Taint Shared Content,[],[],,action.malware.variety.Worm,related-to,0
790,,T1091,Replication Through Removable Media,[],[],,action.malware.variety.Worm,related-to,0
791,,T1091,Replication Through Removable Media,[],[],,action.malware.vector.Removable media,related-to,0
792,,T1001.002,Data Obfuscation: Steganography,[],[],,action.malware.variety.Unknown,related-to,0
793,,T1001.003,Data Obfuscation: Protocol Impersonation,[],[],,action.malware.variety.Unknown,related-to,0
794,,T1140,Deobfuscate/Decode Files or Information,[],[],,action.malware.variety.Unknown,related-to,0
795,,T1204,User Execution,[],[],,action.malware.variety.Unknown,related-to,0
796,,T1204,User Execution,[],[],,action.social.variety.Phishing,related-to,0
797,,T1204.001,User Execution: Malicious Link,[],[],,action.malware.variety.Unknown,related-to,0
798,,T1204.001,User Execution: Malicious Link,[],[],,action.malware.vector.Email link,related-to,0
799,,T1204.001,User Execution: Malicious Link,[],[],,action.social.variety.Phishing,related-to,0
800,,T1204.002,User Execution: Malicious File,[],[],,action.malware.variety.Unknown,related-to,0
801,,T1204.002,User Execution: Malicious File,[],[],,action.malware.vector.Email attachment,related-to,0
802,,T1204.002,User Execution: Malicious File,[],[],,action.social.variety.Phishing,related-to,0
803,,T1608,Stage Capabilities,[],[],,action.malware.variety.Unknown,related-to,0
804,,T1608,Stage Capabilities,[],[],,value_chain.distribution.variety.Unknown,related-to,0
805,,T1608.001,Stage Capabilities: Upload Malware,[],[],,action.malware.variety.Unknown,related-to,0
806,,T1608.001,Stage Capabilities: Upload Malware,[],[],,value_chain.distribution.variety.Website,related-to,0
807,,T1608.002,Stage Capabilities: Upload Tools,[],[],,action.malware.variety.Unknown,related-to,0
808,,T1608.002,Stage Capabilities: Upload Tools,[],[],,value_chain.distribution.variety.Website,related-to,0
809,,T1608.003,Stage Capabilities: Install Digital Certificate,[],[],,action.malware.variety.Unknown,related-to,0
810,,T1608.003,Stage Capabilities: Install Digital Certificate,[],[],,value_chain.distribution.variety.Other,related-to,0
811,,T1608.004,Stage Capabilities: Drive-by Target,[],[],,action.malware.variety.Unknown,related-to,0
812,,T1608.004,Stage Capabilities: Drive-by Target,[],[],,value_chain.distribution.variety.Website,related-to,0
813,,T1608.005,Stage Capabilities: Link Target,[],[],,action.malware.variety.Unknown,related-to,0
814,,T1610,Deploy Container,[],[],,action.malware.variety.Unknown,related-to,0
815,,T1612,Build Image on Host,[],[],,action.malware.variety.Unknown,related-to,0
816,,T1566.001,Phishing: Spearphishing Attachment,[],[],,action.malware.vector.Email attachment,related-to,0
817,,T1566.001,Phishing: Spearphishing Attachment,[],[],,action.social.variety.Phishing,related-to,0
818,,T1566.001,Phishing: Spearphishing Attachment,[],[],,action.social.vector.Email,related-to,0
819,,T1598.002,Phishing for Information: Spearphishing Attachment,[],[],,action.malware.vector.Email attachment,related-to,0
820,,T1598.002,Phishing for Information: Spearphishing Attachment,[],[],,action.social.variety.Phishing,related-to,0
821,,T1598.002,Phishing for Information: Spearphishing Attachment,[],[],,action.social.variety.Pretexting,related-to,0
822,,T1598.002,Phishing for Information: Spearphishing Attachment,[],[],,value_chain.targeting.variety.Organizational Information,related-to,0
823,,T1556.002,Phishing: Spearphishing Link,[],[],,action.malware.vector.Email link,related-to,0
824,,T1556.002,Phishing: Spearphishing Link,[],[],,attribute.integrity.variety.Modify configuration,related-to,0
825,,T1556.002,Phishing: Spearphishing Link,[],[],,attribute.integrity.variety.Modify privileges,related-to,0
826,,T1598.003,Phishing for Information: Spearphishing Link,[],[],,action.malware.vector.Email link,related-to,0
827,,T1598.003,Phishing for Information: Spearphishing Link,[],[],,action.social.variety.Phishing,related-to,0
828,,T1598.003,Phishing for Information: Spearphishing Link,[],[],,action.social.variety.Pretexting,related-to,0
829,,T1598.003,Phishing for Information: Spearphishing Link,[],[],,value_chain.targeting.variety.Organizational Information,related-to,0
830,,T1566,Phishing,[],[],,action.malware.vector.Instant messaging,related-to,0
831,,T1566,Phishing,[],[],,action.social.variety.Phishing,related-to,0
832,,T1570,Lateral Tool Transfer,[],[],,action.malware.vector.Network propagation,related-to,0
833,,T1092,Communication Through Removable Media,[],[],,action.malware.vector.Removable media,related-to,0
834,,T1189,Drive-by Compromise,[],[],,action.malware.vector.Web application - drive-by,related-to,0
835,,T1566.002,Phishing: Spearphishing Link,[],[],,action.social.variety.Phishing,related-to,0
836,,T1566.002,Phishing: Spearphishing Link,[],[],,action.social.vector.Email,related-to,0
837,,T1566.003,Phishing: Spearphishing via Service,[],[],,action.social.variety.Phishing,related-to,0
838,,T1566.003,Phishing: Spearphishing via Service,[],[],,action.social.vector.Email,related-to,0
839,,T1598,Phishing for Information,[],[],,action.social.variety.Phishing,related-to,0
840,,T1598,Phishing for Information,[],[],,action.social.variety.Pretexting,related-to,0
841,,T1598,Phishing for Information,[],[],,value_chain.targeting.variety.Organizational Information,related-to,0
842,,T1598.001,Phishing for Information: Spearphishing Service,[],[],,action.social.variety.Phishing,related-to,0
843,,T1598.001,Phishing for Information: Spearphishing Service,[],[],,action.social.variety.Pretexting,related-to,0
844,,T1598.001,Phishing for Information: Spearphishing Service,[],[],,value_chain.targeting.variety.Organizational Information,related-to,0
845,,T1534,Internal Spearphishing,[],[],,action.social.variety.Pretexting,related-to,0
846,,T1534,Internal Spearphishing,[],[],,attribute.integrity.variety.Misrepresentation,related-to,0
847,,T1585,Establish Accounts,[],[],,action.social.variety.Pretexting,related-to,0
848,,T1585,Establish Accounts,[],[],,value_chain.development.variety.Persona,related-to,0
849,,T1585.001,Establish Accounts: Social Media Accounts,[],[],,action.social.variety.Pretexting,related-to,0
850,,T1585.001,Establish Accounts: Social Media Accounts,[],[],,value_chain.development.variety.Persona,related-to,0
851,,T1585.002,Establish Accounts: Email Account,[],[],,action.social.variety.Pretexting,related-to,0
852,,T1585.002,Establish Accounts: Email Account,[],[],,value_chain.development.variety.Persona,related-to,0
853,,T1546.001,Event Triggered Execution: Change Default File Association,[],[],,attribute.integrity.variety.Alter behavior,related-to,0
854,,T1546.002,Event Triggered Execution Screensaver,[],[],,attribute.integrity.variety.Alter behavior,related-to,0
855,,T1546.003,Event Triggered Execution: Windows Management Instrumentation Event Subscription,[],[],,attribute.integrity.variety.Alter behavior,related-to,0
856,,T1546.004,Event Triggered Execution: Unix Shell Configuration Modification,[],[],,attribute.integrity.variety.Alter behavior,related-to,0
857,,T1546.005,Event Triggered Execution: Trap,[],[],,attribute.integrity.variety.Alter behavior,related-to,0
858,,T1546.006,Event Triggered Execution: LC_LOAD_DYLIB Addition,[],[],,attribute.integrity.variety.Alter behavior,related-to,0
859,,T1546.007,Event Triggered Execution: Netsh Helper DLL,[],[],,attribute.integrity.variety.Alter behavior,related-to,0
860,,T1546.008,Event Triggered Execution: Accessibility Features,[],[],,attribute.integrity.variety.Alter behavior,related-to,0
861,,T1546.009,Event Triggered Execution: AppCert DLLs,[],[],,attribute.integrity.variety.Alter behavior,related-to,0
862,,T1546.010,Event Triggered Execution: AppInit DLLs,[],[],,attribute.integrity.variety.Alter behavior,related-to,0
863,,T1546.011,Event Triggered Execution: Application Shimming,[],[],,attribute.integrity.variety.Alter behavior,related-to,0
864,,T1546.012,Event Triggered Execution: Image File Execution Options Injection,[],[],,attribute.integrity.variety.Alter behavior,related-to,0
865,,T1546.013,Event Triggered Execution: PowerShell Profile,[],[],,attribute.integrity.variety.Alter behavior,related-to,0
866,,T1546.014,Event Triggered Execution: Emond,[],[],,attribute.integrity.variety.Alter behavior,related-to,0
867,,T1546.015,Event Triggered Execution: Component Object Model Hijacking,[],[],,attribute.integrity.variety.Alter behavior,related-to,0
868,,T1136.001,Create Account: Local Account,[],[],,attribute.integrity.variety.Created account,related-to,0
869,,T1136.002,Create Account: Domain Account,[],[],,attribute.integrity.variety.Created account,related-to,0
870,,T1136.003,Create Account: Cloud Account,[],[],,attribute.integrity.variety.Created account,related-to,0
871,,T1491,Defacement,[],[],,attribute.integrity.variety.Defacement,related-to,0
872,,T1491.001,Defacement: Internal Defacement,[],[],,attribute.integrity.variety.Defacement,related-to,0
873,,T1491.002,Defacement: External Defacement,[],[],,attribute.integrity.variety.Defacement,related-to,0
874,,T1037.001,Boot or Logon Initialization Scripts: Logon Script (Windows),[],[],,attribute.integrity.variety.Modify configuration,related-to,0
875,,T1037.002,Boot or Logon Initialization Scripts: Logon Script (Mac),[],[],,attribute.integrity.variety.Modify configuration,related-to,0
876,,T1037.003,Boot or Logon Initialization Scripts: Network Logon Script,[],[],,attribute.integrity.variety.Modify configuration,related-to,0
877,,T1037.004,Boot or Logon Initialization Scripts: RC Scripts,[],[],,attribute.integrity.variety.Modify configuration,related-to,0
878,,T1037.005,Boot or Logon Initialization Scripts: Startup Items,[],[],,attribute.integrity.variety.Modify configuration,related-to,0
879,,T1484,Domain Policy Modification,[],[],,attribute.integrity.variety.Modify configuration,related-to,0
880,,T1484.001,Domain Policy Modification: Group Policy Modification,[],[],,attribute.integrity.variety.Modify configuration,related-to,0
881,,T1484.002,Domain Policy Modification: Domain Trust Modification,[],[],,attribute.integrity.variety.Modify configuration,related-to,0
882,,T1547.001,Boot or Logon Autostart Execution: Registry Run Keys / Startup Folder,[],[],,attribute.integrity.variety.Modify configuration,related-to,0
883,,T1547.002,Boot or Logon Autostart Execution: Authentication Package,[],[],,attribute.integrity.variety.Modify configuration,related-to,0
884,,T1547.003,Boot or Logon Autostart Execution: Time Providers,[],[],,attribute.integrity.variety.Modify configuration,related-to,0
885,,T1547.004,Boot or Logon Autostart Execution: Winlogon Helper DLL,[],[],,attribute.integrity.variety.Modify configuration,related-to,0
886,,T1547.005,Boot or Logon Autostart Execution: Security Support Provider,[],[],,attribute.integrity.variety.Modify configuration,related-to,0
887,,T1547.006,Boot or Logon Autostart Execution: Kernel Modules and Extensions,[],[],,attribute.integrity.variety.Modify configuration,related-to,0
888,,T1547.007,Boot or Logon Autostart Execution: Re-opened Applications,[],[],,attribute.integrity.variety.Modify configuration,related-to,0
889,,T1547.008,Boot or Logon Autostart Execution: LSASS Driver,[],[],,attribute.integrity.variety.Modify configuration,related-to,0
890,,T1547.009,Boot or Logon Autostart Execution: Shortcut Modification,[],[],,attribute.integrity.variety.Modify configuration,related-to,0
891,,T1547.010,Boot or Logon Autostart Execution: Port Monitors,[],[],,attribute.integrity.variety.Modify configuration,related-to,0
892,,T1547.011,Boot or Logon Autostart Execution: Plist Modification,[],[],,attribute.integrity.variety.Modify configuration,related-to,0
893,,T1547.012,Boot or Logon Autostart Execution: Print Processors,[],[],,attribute.integrity.variety.Modify configuration,related-to,0
894,,T1547.013,Boot or Logon Autostart Execution: XDG Autostart Entries,[],[],,attribute.integrity.variety.Modify configuration,related-to,0
895,,T1556,Modify Authentication Process,[],[],,attribute.integrity.variety.Modify configuration,related-to,0
896,,T1556,Modify Authentication Process,[],[],,attribute.integrity.variety.Modify privileges,related-to,0
897,,T1556.001,Modify Authentication Process: Domain Controller Authentication,[],[],,attribute.integrity.variety.Modify configuration,related-to,0
898,,T1556.001,Modify Authentication Process: Domain Controller Authentication,[],[],,attribute.integrity.variety.Modify privileges,related-to,0
899,,T1556.003,Modify Authentication Process: Pluggable Authentication Modules,[],[],,attribute.integrity.variety.Modify configuration,related-to,0
900,,T1556.003,Modify Authentication Process: Pluggable Authentication Modules,[],[],,attribute.integrity.variety.Modify privileges,related-to,0
901,,T1556.004,Modify Authentication Process: Network Device Authentication,[],[],,attribute.integrity.variety.Modify configuration,related-to,0
902,,T1556.004,Modify Authentication Process: Network Device Authentication,[],[],,attribute.integrity.variety.Modify privileges,related-to,0
903,,T1565,Data Manipulation,[],[],,attribute.integrity.variety.Modify data,related-to,0
904,,T1565.001,Data Manipulation: Stored Data Manipulation,[],[],,attribute.integrity.variety.Modify data,related-to,0
905,,T1565.002,Data Manipulation: Transmitted Data Manipulation,[],[],,attribute.integrity.variety.Modify data,related-to,0
906,,T1565.003,Data Manipulation: Runtime Data Manipulation,[],[],,attribute.integrity.variety.Modify data,related-to,0
907,,T1098.001,Account Manipulation: Additional Cloud Credentials,[],[],,attribute.integrity.variety.Modify privileges,related-to,0
908,,T1098.002,Account Manipulation: Exchange Email Delegate Permissions,[],[],,attribute.integrity.variety.Modify privileges,related-to,0
909,,T1098.003,Account Manipulation: Add Office 365 Global Administrator Role,[],[],,attribute.integrity.variety.Modify privileges,related-to,0
910,,T1098.004,Account Manipulation: SSH Authorized Keys,[],[],,attribute.integrity.variety.Modify privileges,related-to,0
911,,T1547.014,Boot or Logon Autostart Execution: Active Setup,[],[],,attribute.integrity.variety.Modify privileges,related-to,0
912,,T1535,Unused/Unsupported Cloud Regions,[],[],,attribute.integrity.variety.Repurpose,related-to,0
