,tags,mapping-target,mapping-description,id,metadata-key,references,key,comments,name
0,[],action.hacking.variety.Abuse of functionality,,T1047,0,[],0,,Windows Management Instrumentation
1,[],action.hacking.vector.Command shell,,T1047,1,[],1,,Windows Management Instrumentation
2,[],action.malware.vector.Direct install,,T1047,2,[],2,,Windows Management Instrumentation
3,[],action.hacking.variety.Abuse of functionality,,T1053,3,[],3,,Scheduled Task/Job
4,[],action.hacking.vector.Backdoor or C2,,T1053,4,[],4,,Scheduled Task/Job
5,[],action.hacking.variety.Abuse of functionality,,T1053.001,5,[],5,,Scheduled Task/Job: At (Linux)
6,[],action.hacking.variety.Abuse of functionality,,T1053.002,6,[],6,,Scheduled Task/Job: At (Windows)
7,[],action.hacking.variety.Abuse of functionality,,T1053.003,7,[],7,,Scheduled Task/Job: Cron
8,[],action.hacking.variety.Abuse of functionality,,T1053.004,8,[],8,,Scheduled Task/Job: Launchd
9,[],action.hacking.variety.Abuse of functionality,,T1053.005,9,[],9,,Scheduled Task/Job: Scheduled Task
10,[],action.hacking.variety.Abuse of functionality,,T1053.006,10,[],10,,Scheduled Task/Job: Systemd Timers
11,[],action.hacking.variety.Abuse of functionality,,T1053.007,11,[],11,,Scheduled Task/Job: Container Orchestration Job
12,[],action.hacking.variety.Abuse of functionality,,T1059,12,[],12,,Command and Scripting Interpreter
13,[],action.hacking.vector.Command shell,,T1059,13,[],13,,Command and Scripting Interpreter
14,[],action.hacking.variety.Abuse of functionality,,T1059.001,14,[],14,,Command and Scripting Interpreter: PowerShell
15,[],action.hacking.vector.Command shell,,T1059.001,15,[],15,,Command and Scripting Interpreter: PowerShell
16,[],action.hacking.variety.Abuse of functionality,,T1059.002,16,[],16,,Command and Scripting Interpreter: AppleScript
17,[],action.hacking.vector.Command shell,,T1059.002,17,[],17,,Command and Scripting Interpreter: AppleScript
18,[],action.hacking.variety.Abuse of functionality,,T1059.003,18,[],18,,Command and Scripting Interpreter: Windows Command Shell
19,[],action.hacking.vector.Command shell,,T1059.003,19,[],19,,Command and Scripting Interpreter: Windows Command Shell
20,[],action.hacking.variety.Abuse of functionality,,T1059.004,20,[],20,,Command and Scripting Interpreter: Unix Shell
21,[],action.hacking.vector.Command shell,,T1059.004,21,[],21,,Command and Scripting Interpreter: Unix Shell
22,[],action.hacking.variety.Abuse of functionality,,T1059.005,22,[],22,,Command and Scripting Interpreter: Visual Basic
23,[],action.hacking.vector.Command shell,,T1059.005,23,[],23,,Command and Scripting Interpreter: Visual Basic
24,[],action.malware.vector.Email attachment,,T1059.005,24,[],24,,Command and Scripting Interpreter: Visual Basic
25,[],action.hacking.variety.Abuse of functionality,,T1059.006,25,[],25,,Command and Scripting Interpreter: Python
26,[],action.hacking.vector.Command shell,,T1059.006,26,[],26,,Command and Scripting Interpreter: Python
27,[],action.hacking.variety.Abuse of functionality,,T1059.007,27,[],27,,Command and Scripting Interpreter: JavaScript
28,[],action.hacking.vector.Command shell,,T1059.007,28,[],28,,Command and Scripting Interpreter: JavaScript
29,[],action.malware.vector.Email attachment,,T1059.007,29,[],29,,Command and Scripting Interpreter: JavaScript
30,[],action.hacking.variety.Abuse of functionality,,T1059.008,30,[],30,,Command and Scripting Interpreter: Network Device CLI
31,[],action.hacking.vector.Command shell,,T1059.008,31,[],31,,Command and Scripting Interpreter: Network Device CLI
32,[],action.hacking.variety.Abuse of functionality,,T1072,32,[],32,,Software Deployment Tools
33,[],action.malware.variety.Adminware,,T1072,33,[],33,,Software Deployment Tools
34,[],action.malware.vector.Software update,,T1072,34,[],34,,Software Deployment Tools
35,[],action.hacking.variety.Abuse of functionality,,T1106,35,[],35,,Native API
36,[],action.hacking.variety.Abuse of functionality,,T1112,36,[],36,,Modify Registry
37,[],action.hacking.variety.Abuse of functionality,,T1127,37,[],37,,Trusted Developer Utilities Proxy Execution
38,[],action.hacking.variety.Unknown,,T1127,38,[],38,,Trusted Developer Utilities Proxy Execution
39,[],action.hacking.variety.Abuse of functionality,,T1127.001,39,[],39,,Tursted Developer Utilities Proxy Execution: MSBuild
40,[],action.hacking.variety.Unknown,,T1127.001,40,[],40,,Tursted Developer Utilities Proxy Execution: MSBuild
41,[],action.hacking.variety.Abuse of functionality,,T1129,41,[],41,,Shared Modules
42,[],action.hacking.variety.Abuse of functionality,,T1137,42,[],42,,Office Application Startup
43,[],action.hacking.vector.Backdoor or C2,,T1137,43,[],43,,Office Application Startup
44,[],action.hacking.variety.Abuse of functionality,,T1137.001,44,[],44,,Office Application Startup: Office Template Macros
45,[],action.hacking.variety.Abuse of functionality,,T1137.002,45,[],45,,Office Application Startup: Office Test
46,[],action.hacking.variety.Abuse of functionality,,T1137.003,46,[],46,,Office Application Startup: Outlook Forms
47,[],action.hacking.variety.Abuse of functionality,,T1137.004,47,[],47,,Office Application Startup: Outlook Home Page
48,[],action.hacking.variety.Abuse of functionality,,T1137.005,48,[],48,,Office Application Startup: Outlook Rules
49,[],action.hacking.variety.Abuse of functionality,,T1187,49,[],49,,Forced Authentication
50,[],action.hacking.variety.MitM,,T1187,50,[],50,,Forced Authentication
51,[],action.hacking.variety.Abuse of functionality,,T1202,51,[],51,,Indirect Command Execution
52,[],action.hacking.variety.Abuse of functionality,,T1216,52,[],52,,Signed Script Proxy Execution
53,[],action.hacking.variety.Abuse of functionality,,T1216.001,53,[],53,,Signed Script Proxy Execution: PubPrn
54,[],action.hacking.variety.Abuse of functionality,,T1218,54,[],54,,Signed Binary Proxy Execution
55,[],action.hacking.variety.Abuse of functionality,,T1218.001,55,[],55,,Signed Binary Proxy Execution: Compiled HTML File
56,[],action.hacking.variety.Abuse of functionality,,T1218.002,56,[],56,,Signed Binary Proxy Execution: Control Panel
57,[],action.hacking.variety.Abuse of functionality,,T1218.003,57,[],57,,Signed Binary Proxy Execution: CMSTP
58,[],action.hacking.variety.Abuse of functionality,,T1218.004,58,[],58,,Signed Binary Proxy Execution: InstallUtil
59,[],action.hacking.variety.Abuse of functionality,,T1218.005,59,[],59,,Signed Binary Proxy Execution: Mshta
60,[],action.hacking.variety.Abuse of functionality,,T1218.007,60,[],60,,Signed Binary Proxy Execution: Msiexec
61,[],action.hacking.variety.Abuse of functionality,,T1218.008,61,[],61,,Signed Binary Proxy Execution: Odbcconf
62,[],action.hacking.variety.Abuse of functionality,,T1218.009,62,[],62,,Signed Binary Proxy Execution: Regsvcs/Regasm
63,[],action.hacking.variety.Abuse of functionality,,T1218.010,63,[],63,,Signed Binary Proxy Execution: Regsvr32
64,[],action.hacking.variety.Abuse of functionality,,T1218.011,64,[],64,,Signed Binary Proxy Execution: Rundll32
65,[],action.hacking.variety.Abuse of functionality,,T1218.012,65,[],65,,Signed Binary Proxy Execution: Verclsid
66,[],action.hacking.variety.Abuse of functionality,,T1220,66,[],66,,XSL Script Processing
67,[],action.hacking.variety.Abuse of functionality,,T1505.001,67,[],67,,Server Software Component: SQL Stored Procedures
68,[],action.hacking.variety.Use of backdoor or C2,,T1505.001,68,[],68,,Server Software Component: SQL Stored Procedures
69,[],action.hacking.vector.Backdoor or C2,,T1505.001,69,[],69,,Server Software Component: SQL Stored Procedures
70,[],action.malware.variety.Backdoor,,T1505.001,70,[],70,,Server Software Component: SQL Stored Procedures
71,[],action.hacking.variety.Abuse of functionality,,T1505.002,71,[],71,,Server Software Component: Transport Agent
72,[],action.hacking.variety.Use of backdoor or C2,,T1505.002,72,[],72,,Server Software Component: Transport Agent
73,[],action.hacking.vector.Backdoor or C2,,T1505.002,73,[],73,,Server Software Component: Transport Agent
74,[],action.malware.variety.Backdoor,,T1505.002,74,[],74,,Server Software Component: Transport Agent
75,[],action.hacking.variety.Abuse of functionality,,T1529,75,[],75,,System Shutdown/Reboot
76,[],action.hacking.variety.Abuse of functionality,,T1543,76,[],76,,Create or Modify System Process
77,[],action.hacking.variety.Use of backdoor or C2,,T1543,77,[],77,,Create or Modify System Process
78,[],action.hacking.vector.Backdoor or C2,,T1543,78,[],78,,Create or Modify System Process
79,[],action.malware.variety.Backdoor,,T1543,79,[],79,,Create or Modify System Process
80,[],action.malware.variety.Rootkit,,T1543,80,[],80,,Create or Modify System Process
81,[],action.hacking.variety.Abuse of functionality,,T1543.001,81,[],81,,Create or Modify System Process: Launch Agent
82,[],action.hacking.variety.Abuse of functionality,,T1543.002,82,[],82,,Create or Modify System Process: Systemd Service
83,[],action.hacking.variety.Abuse of functionality,,T1543.003,83,[],83,,Create or Modify System Process: Windows Service
84,[],action.malware.variety.RAT,,T1543.003,84,[],84,,Create or Modify System Process: Windows Service
85,[],action.hacking.variety.Abuse of functionality,,T1543.004,85,[],85,,Create or Modify System Process: Launch Daemon
86,[],action.hacking.variety.Abuse of functionality,,T1547,86,[],86,,Boot or Logon Autostart Execution
87,[],action.hacking.vector.Backdoor or C2,,T1547,87,[],87,,Boot or Logon Autostart Execution
88,[],action.malware.variety.Backdoor,,T1547,88,[],88,,Boot or Logon Autostart Execution
89,[],attribute.integrity.variety.Modify configuration,,T1547,89,[],89,,Boot or Logon Autostart Execution
90,[],action.hacking.variety.Abuse of functionality,,T1548,90,[],90,,Abuse Elevation Control Mechanism
91,[],action.hacking.variety.Abuse of functionality,,T1548.001,91,[],91,,Abuse Elevation Control Mechanism: Setuid and Setgid
92,[],action.hacking.variety.Abuse of functionality,,T1548.002,92,[],92,,Abuse Elevation Control Mechanism: Bypass User Account Control
93,[],action.hacking.variety.Exploit misconfig,,T1548.002,93,[],93,,Abuse Elevation Control Mechanism: Bypass User Account Control
94,[],action.malware.variety.Exploit misconfig,,T1548.002,94,[],94,,Abuse Elevation Control Mechanism: Bypass User Account Control
95,[],action.hacking.variety.Abuse of functionality,,T1548.003,95,[],95,,Abuse Elevation Control Mechanism: Sudo and Sudo Caching
96,[],action.hacking.variety.Exploit misconfig,,T1548.003,96,[],96,,Abuse Elevation Control Mechanism: Sudo and Sudo Caching
97,[],action.malware.variety.Client-side attack,,T1548.003,97,[],97,,Abuse Elevation Control Mechanism: Sudo and Sudo Caching
98,[],action.hacking.variety.Abuse of functionality,,T1548.004,98,[],98,,Abuse Elevation Control Mechanism: Elevated Execution with Prompt
99,[],action.hacking.variety.Exploit misconfig,,T1548.004,99,[],99,,Abuse Elevation Control Mechanism: Elevated Execution with Prompt
100,[],action.hacking.variety.Abuse of functionality,,T1559,100,[],100,,Inter-Process Communication
101,[],action.hacking.variety.Abuse of functionality,,T1559.001,101,[],101,,Inter-Process Communication: Component Object Model
102,[],action.hacking.variety.Abuse of functionality,,T1559.002,102,[],102,,Inter-Process Communication: Dynamic Data Exchange
103,[],action.hacking.variety.Abuse of functionality,,T1563,103,[],103,,Remote Service Session Hijacking
104,[],action.malware.vector.Network propagation,,T1563,104,[],104,,Remote Service Session Hijacking
105,[],action.hacking.variety.Abuse of functionality,,T1563.001,105,[],105,,Remote Service Session Hijacking: SSH Hijacking
106,[],action.malware.vector.Network propagation,,T1563.001,106,[],106,,Remote Service Session Hijacking: SSH Hijacking
107,[],action.hacking.variety.Abuse of functionality,,T1563.002,107,[],107,,Remote Service Session Hijacking: RDP Hijacking
108,[],action.malware.vector.Network propagation,,T1563.002,108,[],108,,Remote Service Session Hijacking: RDP Hijacking
109,[],action.hacking.variety.Abuse of functionality,,T1564,109,[],109,,Hide Artifacts
110,[],action.hacking.variety.Abuse of functionality,,T1564.001,110,[],110,,Hide Artifacts: Hidden Files and Directories
111,[],action.hacking.variety.Abuse of functionality,,T1564.002,111,[],111,,Hide Artifacts: Hidden Users
112,[],action.hacking.variety.Abuse of functionality,,T1564.003,112,[],112,,Hide Artifacts: Hidden Window
113,[],action.hacking.variety.Abuse of functionality,,T1564.004,113,[],113,,Hide Artifacts: NTFS File Attributes
114,[],action.hacking.variety.Abuse of functionality,,T1564.005,114,[],114,,Hide Artifacts: Hidden File System
115,[],action.hacking.variety.Abuse of functionality,,T1564.006,115,[],115,,Hide Artifacts: Run Virtual Instance
116,[],action.hacking.variety.Abuse of functionality,,T1564.007,116,[],116,,Hide Artifacts: VBA Stomping
117,[],action.malware.variety.Trojan,,T1564.007,117,[],117,,Hide Artifacts: VBA Stomping
118,[],action.hacking.variety.Abuse of functionality,,T1569,118,[],118,,System Services
119,[],action.hacking.variety.Abuse of functionality,,T1569.001,119,[],119,,System Services: Launchctl
120,[],action.hacking.variety.Abuse of functionality,,T1569.002,120,[],120,,System Services: Service Execution
121,[],action.malware.vector.Direct install,,T1569.002,121,[],121,,System Services: Service Execution
122,[],action.hacking.variety.Abuse of functionality,,T1578,122,[],122,,Modify Cloud Computer Infrastructure
123,[],action.hacking.vector.Hypervisor,,T1578,123,[],123,,Modify Cloud Computer Infrastructure
124,[],action.hacking.vector.Inter-tenant,,T1578,124,[],124,,Modify Cloud Computer Infrastructure
125,[],action.hacking.variety.Abuse of functionality,,T1578.001,125,[],125,,Modify Cloud Computer Infrastructure: Create Snapshot
126,[],action.hacking.variety.Abuse of functionality,,T1578.002,126,[],126,,Modify Cloud Computer Infrastructure: Create Cloud Instance
127,[],action.hacking.variety.Abuse of functionality,,T1578.003,127,[],127,,Modify Cloud Computer Infrastructure: Delete Cloud Instance
128,[],action.hacking.variety.Abuse of functionality,,T1578.004,128,[],128,,Modify Cloud Computer Infrastructure: Revert Cloud Instance
129,[],action.hacking.variety.Abuse of functionality,,T1609,129,[],129,,Container Administration Command
130,[],action.hacking.variety.Brute force,,T1110,130,[],130,,Brute Force
131,[],action.malware.variety.Brute force,,T1110,131,[],131,,Brute Force
132,[],action.hacking.variety.Brute force,,T1110.001,132,[],132,,Brute Force: Password Guessing
133,[],action.malware.variety.Brute force,,T1110.001,133,[],133,,Brute Force: Password Guessing
134,[],action.hacking.variety.Brute force,,T1110.002,134,[],134,,Brute Force: Password Cracking
135,[],action.hacking.variety.Offline cracking,,T1110.002,135,[],135,,Brute Force: Password Cracking
136,[],action.malware.variety.Brute force,,T1110.002,136,[],136,,Brute Force: Password Cracking
137,[],action.hacking.variety.Brute force,,T1110.003,137,[],137,,Brute Force: Password Spraying
138,[],action.malware.variety.Brute force,,T1110.003,138,[],138,,Brute Force: Password Spraying
139,[],action.hacking.variety.Brute force,,T1110.004,139,[],139,,Brute Force: Credential Stuffing
140,[],action.malware.variety.Brute force,,T1110.004,140,[],140,,Brute Force: Credential Stuffing
141,[],action.hacking.variety.Buffer overflow,,T1203,141,[],141,,Exploitation for Client Execution
142,[],action.hacking.variety.HTTP Response Splitting,,T1203,142,[],142,,Exploitation for Client Execution
143,[],action.hacking.variety.HTTP request smuggling,,T1203,143,[],143,,Exploitation for Client Execution
144,[],action.hacking.variety.HTTP request splitting,,T1203,144,[],144,,Exploitation for Client Execution
145,[],action.hacking.variety.HTTP response smuggling,,T1203,145,[],145,,Exploitation for Client Execution
146,[],action.malware.variety.Client-side attack,,T1203,146,[],146,,Exploitation for Client Execution
147,[],action.malware.vector.Email attachment,,T1203,147,[],147,,Exploitation for Client Execution
148,[],action.hacking.variety.Cryptanalysis,,T1600,148,[],148,,Weaken Encryption
149,[],action.malware.variety.Disable controls,,T1600,149,[],149,,Weaken Encryption
150,[],action.hacking.variety.DoS,,T1498,150,[],150,,Network Denial of Service
151,[],action.malware.variety.DoS,,T1498,151,[],151,,Network Denial of Service
152,[],action.hacking.variety.DoS,,T1498.001,152,[],152,,Network Denial of Service: Direct Network Flood
153,[],action.malware.variety.DoS,,T1498.001,153,[],153,,Network Denial of Service: Direct Network Flood
154,[],action.hacking.variety.DoS,,T1498.002,154,[],154,,Network Denial of Service: Reflection Amplification
155,[],action.malware.variety.DoS,,T1498.002,155,[],155,,Network Denial of Service: Reflection Amplification
156,[],action.hacking.variety.DoS,,T1499,156,[],156,,Endpoint Denial of Service
157,[],action.hacking.variety.Soap array abuse,,T1499,157,[],157,,Endpoint Denial of Service
158,[],action.hacking.variety.XML attribute blowup,,T1499,158,[],158,,Endpoint Denial of Service
159,[],action.hacking.variety.XML entity expansion,,T1499,159,[],159,,Endpoint Denial of Service
160,[],action.hacking.variety.XML external entities,,T1499,160,[],160,,Endpoint Denial of Service
161,[],action.malware.variety.DoS,,T1499,161,[],161,,Endpoint Denial of Service
162,[],action.hacking.variety.DoS,,T1499.001,162,[],162,,Endpoint Denial of Service: OS Exhaustion Flood
163,[],action.malware.variety.DoS,,T1499.001,163,[],163,,Endpoint Denial of Service: OS Exhaustion Flood
164,[],action.hacking.variety.DoS,,T1499.002,164,[],164,,Endpoint Denial of Service: Service Exhaustion Flood
165,[],action.malware.variety.DoS,,T1499.002,165,[],165,,Endpoint Denial of Service: Service Exhaustion Flood
166,[],action.hacking.variety.DoS,,T1499.003,166,[],166,,Endpoint Denial of Service: Application Exhaustion Flood
167,[],action.malware.variety.DoS,,T1499.003,167,[],167,,Endpoint Denial of Service: Application Exhaustion Flood
168,[],action.hacking.variety.DoS,,T1499.004,168,[],168,,Endpoint Denial of Service: Application or System Exploitation
169,[],action.malware.variety.DoS,,T1499.004,169,[],169,,Endpoint Denial of Service: Application or System Exploitation
170,[],action.hacking.variety.DoS,,T1583.005,170,[],170,,Acquire Infrastructure: Botnet
171,[],action.hacking.variety.Unknown,,T1583.005,171,[],171,,Acquire Infrastructure: Botnet
172,[],value_chain.development.variety.Bot,,T1583.005,172,[],172,,Acquire Infrastructure: Botnet
173,[],value_chain.distribution.variety.Botnet,,T1583.005,173,[],173,,Acquire Infrastructure: Botnet
174,[],action.hacking.variety.DoS,,T1584.005,174,[],174,,Compromise Infrastructure: Botnet
175,[],action.hacking.variety.Unknown,,T1584.005,175,[],175,,Compromise Infrastructure: Botnet
176,[],value_chain.distribution.variety.Other,,T1584.005,176,[],176,,Compromise Infrastructure: Botnet
177,[],value_chain.non-distribution services.variety.Other,,T1584.005,177,[],177,,Compromise Infrastructure: Botnet
178,[],action.hacking.variety.Exploit misconfig,,T1068,178,[],178,,Exploitation for Privilege Escalation
179,[],action.hacking.variety.Exploit vuln,,T1068,179,[],179,,Exploitation for Privilege Escalation
180,[],action.hacking.variety.Format string attack,,T1068,180,[],180,,Exploitation for Privilege Escalation
181,[],action.hacking.variety.Fuzz testing,,T1068,181,[],181,,Exploitation for Privilege Escalation
182,[],action.hacking.variety.Insecure deserialization,,T1068,182,[],182,,Exploitation for Privilege Escalation
183,[],action.hacking.variety.Integer overflows,,T1068,183,[],183,,Exploitation for Privilege Escalation
184,[],action.hacking.variety.LDAP injection,,T1068,184,[],184,,Exploitation for Privilege Escalation
185,[],action.malware.variety.Exploit misconfig,,T1068,185,[],185,,Exploitation for Privilege Escalation
186,[],action.hacking.variety.Exploit misconfig,,T1190,186,[],186,,Exploit Public-Facing Application
187,[],action.malware.variety.Exploit vuln,,T1190,187,[],187,,Exploit Public-Facing Application
188,[],action.hacking.variety.Exploit misconfig,,T1210,188,[],188,,Exploitation of Remote Services
189,[],action.malware.variety.Exploit vuln,,T1210,189,[],189,,Exploitation of Remote Services
190,[],action.hacking.variety.Exploit misconfig,,T1212,190,[],190,,Exploitation for Credential Access
191,[],action.hacking.variety.Exploit vuln,,T1212,191,[],191,,Exploitation for Credential Access
192,[],action.hacking.variety.Session fixation,,T1212,192,[],192,,Exploitation for Credential Access
193,[],action.malware.variety.Disable controls,,T1212,193,[],193,,Exploitation for Credential Access
194,[],action.malware.variety.Exploit vuln,,T1212,194,[],194,,Exploitation for Credential Access
195,[],action.malware.variety.Password dumper,,T1212,195,[],195,,Exploitation for Credential Access
196,[],action.malware.vector.Web application - drive-by,,T1212,196,[],196,,Exploitation for Credential Access
197,[],action.hacking.variety.Exploit misconfig,,T1558.004,197,[],197,,Steal or Forge Kerberos Tickets: AS-REP Roasting
198,[],action.hacking.variety.Use of stolen creds,,T1558.004,198,[],198,,Steal or Forge Kerberos Tickets: AS-REP Roasting
199,[],action.malware.variety.Exploit misconfig,,T1558.004,199,[],199,,Steal or Forge Kerberos Tickets: AS-REP Roasting
200,[],action.hacking.variety.Exploit misconfig,,T1574.001,200,[],200,,Hijack Execution Flow: DLL Search Order Hijacking
201,[],action.hacking.variety.Exploit vuln,,T1574.001,201,[],201,,Hijack Execution Flow: DLL Search Order Hijacking
202,[],action.hacking.variety.Unknown,,T1574.001,202,[],202,,Hijack Execution Flow: DLL Search Order Hijacking
203,[],action.hacking.variety.Exploit misconfig,,T1574.002,203,[],203,,Hijack Execution Flow: DLL Side-Loading
204,[],action.hacking.variety.Exploit vuln,,T1574.002,204,[],204,,Hijack Execution Flow: DLL Side-Loading
205,[],action.hacking.variety.Unknown,,T1574.002,205,[],205,,Hijack Execution Flow: DLL Side-Loading
206,[],action.hacking.variety.Exploit misconfig,,T1574.005,206,[],206,,Hijack Execution Flow: Executable Installer File Permissions Weakness
207,[],action.hacking.variety.Unknown,,T1574.005,207,[],207,,Hijack Execution Flow: Executable Installer File Permissions Weakness
208,[],action.hacking.variety.Exploit misconfig,,T1574.010,208,[],208,,Hijack Execution Flow: Services File Permissions Weakness
209,[],action.hacking.variety.Exploit misconfig,,T1574.011,209,[],209,,Hijack Execution Flow: Services Registry Permissions Weakness
210,[],action.hacking.variety.Exploit vuln,,T1574.004,210,[],210,,Hijack Execution Flow: Dylib Hijacking
211,[],action.hacking.variety.Unknown,,T1574.004,211,[],211,,Hijack Execution Flow: Dylib Hijacking
212,[],action.hacking.variety.Exploit vuln,,T1595.002,212,[],212,,Active Scanning: Vulnerability Scanning
213,[],action.malware.variety.Exploit vuln,,T1595.002,213,[],213,,Active Scanning: Vulnerability Scanning
214,[],action.malware.variety.Scan network,,T1595.002,214,[],214,,Active Scanning: Vulnerability Scanning
215,[],value_chain.targeting.variety.Organizational Information,,T1595.002,215,[],215,,Active Scanning: Vulnerability Scanning
216,[],action.hacking.variety.Footprinting,,T1007,216,[],216,,System Service Discovery
217,[],action.hacking.variety.Footprinting,,T1012,217,[],217,,Query Registry
218,[],action.hacking.variety.Footprinting,,T1057,218,[],218,,Process Discovery
219,[],action.hacking.variety.Footprinting,,T1069,219,[],219,,Permission Groups Discovery
220,[],action.hacking.variety.Footprinting,,T1069.001,220,[],220,,Permission Groups Discovery: Local Groups
221,[],action.hacking.variety.Footprinting,,T1069.002,221,[],221,,Permission Groups Discovery: Domain Groups
222,[],action.hacking.variety.Footprinting,,T1069.003,222,[],222,,Permission Groups Discovery: Cloud Groups
223,[],action.hacking.variety.Footprinting,,T1082,223,[],223,,System Information Discovery
224,[],action.hacking.variety.Footprinting,,T1087,224,[],224,,Account Discovery
225,[],action.hacking.variety.Footprinting,,T1087.001,225,[],225,,Account Discovery: Local Account
226,[],action.hacking.variety.Footprinting,,T1087.002,226,[],226,,Account Discovery: Domain Account
227,[],action.hacking.variety.Footprinting,,T1087.003,227,[],227,,Account Discovery: Email Account
228,[],action.hacking.variety.Footprinting,,T1087.004,228,[],228,,Account Discovery: Cloud Account
229,[],action.hacking.variety.Footprinting,,T1119,229,[],229,,Automated Collection
230,[],action.malware.variety.Capture stored data,,T1119,230,[],230,,Automated Collection
231,[],action.hacking.variety.Footprinting,,T1120,231,[],231,,Peripheral Device Discovery
232,[],action.hacking.variety.Footprinting,,T1124,232,[],232,,System Time Discovery
233,[],action.hacking.variety.Footprinting,,T1201,233,[],233,,Password Policy Discovery
234,[],action.hacking.variety.Footprinting,,T1480,234,[],234,,Execution Guardrails
235,[],action.hacking.variety.Footprinting,,T1480.001,235,[],235,,Execution Guardrails: Environmental Keying
236,[],action.hacking.variety.Footprinting,,T1518,236,[],236,,Software Discovery
237,[],action.hacking.variety.Footprinting,,T1518.001,237,[],237,,Software Discovery: Security Software Discovery
238,[],action.hacking.variety.Footprinting,,T1526,238,[],238,,Cloud Service Discovery
239,[],action.hacking.variety.Footprinting,,T1538,239,[],239,,Cloud Service Dashboard
240,[],action.hacking.variety.Footprinting,,T1580,240,[],240,,Cloud Infrastructure Discovery
241,[],action.hacking.variety.Footprinting,,T1589,241,[],241,,Gather Victim Identity Information
242,[],value_chain.targeting.variety.Personal Information,,T1589,242,[],242,,Gather Victim Identity Information
243,[],action.hacking.variety.Footprinting,,T1589.001,243,[],243,,Gather Victim Identity Information: Credentials
244,[],value_chain.targeting.variety.Lost or stolen credentials,,T1589.001,244,[],244,,Gather Victim Identity Information: Credentials
245,[],value_chain.targeting.variety.Personal Information,,T1589.001,245,[],245,,Gather Victim Identity Information: Credentials
246,[],action.hacking.variety.Footprinting,,T1589.002,246,[],246,,Gather Victim Identity Information: Email Addresses
247,[],value_chain.targeting.variety.Email addresses,,T1589.002,247,[],247,,Gather Victim Identity Information: Email Addresses
248,[],value_chain.targeting.variety.Personal Information,,T1589.002,248,[],248,,Gather Victim Identity Information: Email Addresses
249,[],action.hacking.variety.Footprinting,,T1589.003,249,[],249,,Gather Victim Identity Information: Employee Names
250,[],value_chain.targeting.variety.Personal Information,,T1589.003,250,[],250,,Gather Victim Identity Information: Employee Names
251,[],action.hacking.variety.Footprinting,,T1590,251,[],251,,Gather Victim Network Information
252,[],value_chain.targeting.variety.Organizational Information,,T1590,252,[],252,,Gather Victim Network Information
253,[],action.hacking.variety.Footprinting,,T1590.001,253,[],253,,Gather Victim Network Information: Domain Properties
254,[],value_chain.targeting.variety.Organizational Information,,T1590.001,254,[],254,,Gather Victim Network Information: Domain Properties
255,[],action.hacking.variety.Footprinting,,T1590.002,255,[],255,,Gather Victim Network Information: DNS
256,[],value_chain.targeting.variety.Organizational Information,,T1590.002,256,[],256,,Gather Victim Network Information: DNS
257,[],action.hacking.variety.Footprinting,,T1590.003,257,[],257,,Gather Victim Network Information: Network Trust Dependencies
258,[],value_chain.targeting.variety.Organizational Information,,T1590.003,258,[],258,,Gather Victim Network Information: Network Trust Dependencies
259,[],action.hacking.variety.Footprinting,,T1590.004,259,[],259,,Gather Victim Network Information: Network Topology
260,[],value_chain.targeting.variety.Organizational Information,,T1590.004,260,[],260,,Gather Victim Network Information: Network Topology
261,[],action.hacking.variety.Footprinting,,T1590.005,261,[],261,,Gather Victim Network Information: IP Addresses
262,[],value_chain.targeting.variety.Organizational Information,,T1590.005,262,[],262,,Gather Victim Network Information: IP Addresses
263,[],action.hacking.variety.Footprinting,,T1590.006,263,[],263,,Gather Victim Network Information: Network Security Appliances
264,[],value_chain.targeting.variety.Organizational Information,,T1590.006,264,[],264,,Gather Victim Network Information: Network Security Appliances
265,[],action.hacking.variety.Footprinting,,T1591,265,[],265,,Gather Victim Org Information
266,[],value_chain.targeting.variety.Organizational Information,,T1591,266,[],266,,Gather Victim Org Information
267,[],action.hacking.variety.Footprinting,,T1591.001,267,[],267,,Gather Victim Org Information: Determine Physical Locations
268,[],value_chain.targeting.variety.Organizational Information,,T1591.001,268,[],268,,Gather Victim Org Information: Determine Physical Locations
269,[],action.hacking.variety.Footprinting,,T1591.002,269,[],269,,Gather Victim Org Information: Business Relationships
270,[],value_chain.targeting.variety.Organizational Information,,T1591.002,270,[],270,,Gather Victim Org Information: Business Relationships
271,[],action.hacking.variety.Footprinting,,T1591.003,271,[],271,,Gather Victim Org Information: Identify Business  Tempo
272,[],value_chain.targeting.variety.Organizational Information,,T1591.003,272,[],272,,Gather Victim Org Information: Identify Business  Tempo
273,[],action.hacking.variety.Footprinting,,T1591.004,273,[],273,,Gather Victim Org Information: Identify Roles
274,[],value_chain.targeting.variety.Organizational Information,,T1591.004,274,[],274,,Gather Victim Org Information: Identify Roles
275,[],action.hacking.variety.Footprinting,,T1592,275,[],275,,Gather Victim Host Information
276,[],value_chain.targeting.variety.Organizational Information,,T1592,276,[],276,,Gather Victim Host Information
277,[],action.hacking.variety.Footprinting,,T1592.001,277,[],277,,Gather Victim Host Information: Hardware
278,[],value_chain.targeting.variety.Organizational Information,,T1592.001,278,[],278,,Gather Victim Host Information: Hardware
279,[],action.hacking.variety.Footprinting,,T1592.002,279,[],279,,Gather Victim Host Information: Software
280,[],value_chain.targeting.variety.Organizational Information,,T1592.002,280,[],280,,Gather Victim Host Information: Software
281,[],action.hacking.variety.Footprinting,,T1592.003,281,[],281,,Gather Victim Host Information: Firmware
282,[],value_chain.targeting.variety.Organizational Information,,T1592.003,282,[],282,,Gather Victim Host Information: Firmware
283,[],action.hacking.variety.Footprinting,,T1592.004,283,[],283,,Gather Victim Host Information: Client Configurations
284,[],value_chain.targeting.variety.Organizational Information,,T1592.004,284,[],284,,Gather Victim Host Information: Client Configurations
285,[],action.hacking.variety.Footprinting,,T1593,285,[],285,,Search Open Websites/Domains
286,[],value_chain.targeting.variety.Organizational Information,,T1593,286,[],286,,Search Open Websites/Domains
287,[],action.hacking.variety.Footprinting,,T1593.001,287,[],287,,Search Open Websites/Domains: Social Media
288,[],value_chain.targeting.variety.Organizational Information,,T1593.001,288,[],288,,Search Open Websites/Domains: Social Media
289,[],action.hacking.variety.Footprinting,,T1593.002,289,[],289,,Search Open Websites/Domains: Search Engines
290,[],value_chain.targeting.variety.Organizational Information,,T1593.002,290,[],290,,Search Open Websites/Domains: Search Engines
291,[],action.hacking.variety.Footprinting,,T1594,291,[],291,,Search Victim-Owned Websites
292,[],value_chain.targeting.variety.Organizational Information,,T1594,292,[],292,,Search Victim-Owned Websites
293,[],action.hacking.variety.Footprinting,,T1596,293,[],293,,Search Open Technical Databases
294,[],value_chain.targeting.variety.Organizational Information,,T1596,294,[],294,,Search Open Technical Databases
295,[],action.hacking.variety.Footprinting,,T1596.001,295,[],295,,Search Open Technical Databases: DNS/Passive DNS
296,[],value_chain.targeting.variety.Organizational Information,,T1596.001,296,[],296,,Search Open Technical Databases: DNS/Passive DNS
297,[],action.hacking.variety.Footprinting,,T1596.002,297,[],297,,Search Open Technical Databases: WHOIS
298,[],value_chain.targeting.variety.Organizational Information,,T1596.002,298,[],298,,Search Open Technical Databases: WHOIS
299,[],action.hacking.variety.Footprinting,,T1596.003,299,[],299,,Search Open Technical Databases: Digital Certificates
300,[],value_chain.targeting.variety.Organizational Information,,T1596.003,300,[],300,,Search Open Technical Databases: Digital Certificates
301,[],action.hacking.variety.Footprinting,,T1596.004,301,[],301,,Search Open Technical Databases: CDNs
302,[],value_chain.targeting.variety.Organizational Information,,T1596.004,302,[],302,,Search Open Technical Databases: CDNs
303,[],action.hacking.variety.Footprinting,,T1596.005,303,[],303,,Search Open Technical Databases: Scan Databases
304,[],value_chain.targeting.variety.Organizational Information,,T1596.005,304,[],304,,Search Open Technical Databases: Scan Databases
305,[],action.hacking.variety.Footprinting,,T1597,305,[],305,,Search Closed Sources
306,[],value_chain.targeting.variety.Organizational Information,,T1597,306,[],306,,Search Closed Sources
307,[],action.hacking.variety.Footprinting,,T1597.001,307,[],307,,Search Closed Sources: Threat Intel Vendors
308,[],value_chain.targeting.variety.Organizational Information,,T1597.001,308,[],308,,Search Closed Sources: Threat Intel Vendors
309,[],action.hacking.variety.Footprinting,,T1597.002,309,[],309,,Search Closed Sources:  Purchase Technical Data
310,[],value_chain.targeting.variety.Organizational Information,,T1597.002,310,[],310,,Search Closed Sources:  Purchase Technical Data
311,[],action.hacking.variety.Footprinting,,T1602,311,[],311,,Data from Configuration Repository
312,[],action.malware.variety.Capture stored data,,T1602,312,[],312,,Data from Configuration Repository
313,[],action.hacking.variety.Footprinting,,T1602.001,313,[],313,,Data from Configuration Repository: SNMP (MIB Dump)
314,[],action.hacking.variety.Footprinting,,T1602.002,314,[],314,,Data from Configuration Repository: Network Device Configuration Dump
315,[],action.hacking.variety.Footprinting,,T1613,315,[],315,,Container and Resource Discovery
316,[],action.hacking.variety.Footprinting,,T1614,316,[],316,,System Location Discovery
317,[],action.hacking.variety.Forced browsing,,T1539,317,[],317,,Steal Web Session Cookie
318,[],action.hacking.variety.MitM,,T1539,318,[],318,,Steal Web Session Cookie
319,[],action.malware.variety.Capture app data,,T1539,319,[],319,,Steal Web Session Cookie
320,[],action.hacking.variety.Forced browsing,,T1583.003,320,[],320,,Acquire Infrastructure: Virtual Private Server
321,[],action.hacking.variety.Unknown,,T1583.003,321,[],321,,Acquire Infrastructure: Virtual Private Server
322,[],value_chain.distribution.variety.Other,,T1583.003,322,[],322,,Acquire Infrastructure: Virtual Private Server
323,[],value_chain.non-distribution services.variety.Other,,T1583.003,323,[],323,,Acquire Infrastructure: Virtual Private Server
324,[],action.hacking.variety.Forced browsing,,T1583.004,324,[],324,,Acquire Infrastructure: Server
325,[],action.hacking.variety.Unknown,,T1583.004,325,[],325,,Acquire Infrastructure: Server
326,[],value_chain.distribution.variety.Other,,T1583.004,326,[],326,,Acquire Infrastructure: Server
327,[],value_chain.non-distribution services.variety.Other,,T1583.004,327,[],327,,Acquire Infrastructure: Server
328,[],action.hacking.variety.Forced browsing,,T1583.006,328,[],328,,Acquire Infrastructure: Web Services
329,[],action.hacking.variety.Unknown,,T1583.006,329,[],329,,Acquire Infrastructure: Web Services
330,[],action.malware.variety.C2,,T1583.006,330,[],330,,Acquire Infrastructure: Web Services
331,[],value_chain.development.variety.Website,,T1583.006,331,[],331,,Acquire Infrastructure: Web Services
332,[],value_chain.distribution.variety.Other,,T1583.006,332,[],332,,Acquire Infrastructure: Web Services
333,[],value_chain.non-distribution services.variety.Other,,T1583.006,333,[],333,,Acquire Infrastructure: Web Services
334,[],action.hacking.variety.HTTP Response Splitting,,T1185,334,[],334,,Man in the Browser
335,[],action.hacking.variety.HTTP request smuggling,,T1185,335,[],335,,Man in the Browser
336,[],action.hacking.variety.HTTP request splitting,,T1185,336,[],336,,Man in the Browser
337,[],action.hacking.variety.HTTP response smuggling,,T1185,337,[],337,,Man in the Browser
338,[],action.hacking.variety.MitM,,T1185,338,[],338,,Man in the Browser
339,[],action.hacking.variety.Session fixation,,T1185,339,[],339,,Man in the Browser
340,[],action.malware.variety.Capture app data,,T1185,340,[],340,,Man in the Browser
341,[],action.hacking.variety.MitM,,T1557,341,[],341,,Man-in-the-Middle
342,[],action.hacking.variety.Routing detour,,T1557,342,[],342,,Man-in-the-Middle
343,[],action.hacking.variety.MitM,,T1557.001,343,[],343,,Man-in-the-Middle: LLMNR/NBT-NS Poisoning and Relay
344,[],action.hacking.variety.MitM,,T1557.002,344,[],344,,Man-in-the-Middle: ARP Cache Poisoning
345,[],action.hacking.variety.Pass-the-hash,,T1550.002,345,[],345,,Use Alternate Authentication Material: Pass the Hash
346,[],action.hacking.variety.Use of stolen creds,,T1550.002,346,[],346,,Use Alternate Authentication Material: Pass the Hash
347,[],action.malware.variety.Password dumper,,T1550.002,347,[],347,,Use Alternate Authentication Material: Pass the Hash
348,[],action.hacking.variety.Use of backdoor or C2,,T1001,348,[],348,,Data Obfuscation
349,[],action.hacking.vector.Backdoor or C2,,T1001,349,[],349,,Data Obfuscation
350,[],action.malware.variety.Unknown,,T1001,350,[],350,,Data Obfuscation
351,[],action.hacking.variety.Use of backdoor or C2,,T1008,351,[],351,,Fallback Channels
352,[],action.hacking.vector.Backdoor or C2,,T1008,352,[],352,,Fallback Channels
353,[],action.malware.variety.C2,,T1008,353,[],353,,Fallback Channels
354,[],action.hacking.variety.Use of backdoor or C2,,T1071,354,[],354,,Application Layer Protocol
355,[],action.hacking.vector.Backdoor or C2,,T1071,355,[],355,,Application Layer Protocol
356,[],action.malware.variety.C2,,T1071,356,[],356,,Application Layer Protocol
357,[],action.malware.variety.Unknown,,T1071,357,[],357,,Application Layer Protocol
358,[],action.hacking.variety.Use of backdoor or C2,,T1078,358,[],358,,Valid Accounts
359,[],action.hacking.variety.Use of stolen creds,,T1078,359,[],359,,Valid Accounts
360,[],action.hacking.vector.Backdoor or C2,,T1078,360,[],360,,Valid Accounts
361,[],action.hacking.variety.Use of backdoor or C2,,T1090,361,[],361,,Proxy
362,[],action.hacking.vector.Backdoor or C2,,T1090,362,[],362,,Proxy
363,[],action.malware.variety.C2,,T1090,363,[],363,,Proxy
364,[],action.hacking.variety.Use of backdoor or C2,,T1095,364,[],364,,Non-Application Layer Protocol
365,[],action.hacking.vector.Backdoor or C2,,T1095,365,[],365,,Non-Application Layer Protocol
366,[],action.malware.variety.C2,,T1095,366,[],366,,Non-Application Layer Protocol
367,[],action.hacking.variety.Use of backdoor or C2,,T1102,367,[],367,,Web Service
368,[],action.hacking.vector.Backdoor or C2,,T1102,368,[],368,,Web Service
369,[],action.malware.variety.C2,,T1102,369,[],369,,Web Service
370,[],action.hacking.variety.Use of backdoor or C2,,T1104,370,[],370,,Multi-Stage Channels
371,[],action.hacking.vector.Backdoor or C2,,T1104,371,[],371,,Multi-Stage Channels
372,[],action.malware.variety.C2,,T1104,372,[],372,,Multi-Stage Channels
373,[],action.hacking.variety.Unknown,,T1105,373,[],373,,Ingress Tool Transfer
374,[],action.hacking.variety.Use of backdoor or C2,,T1105,374,[],374,,Ingress Tool Transfer
375,[],action.hacking.vector.Backdoor or C2,,T1105,375,[],375,,Ingress Tool Transfer
376,[],action.hacking.variety.Use of backdoor or C2,,T1132,376,[],376,,Data Encoding
377,[],action.hacking.vector.Backdoor or C2,,T1132,377,[],377,,Data Encoding
378,[],action.malware.variety.C2,,T1132,378,[],378,,Data Encoding
379,[],action.hacking.variety.Use of backdoor or C2,,T1133,379,[],379,,External Remote Services
380,[],action.hacking.variety.Use of stolen creds,,T1133,380,[],380,,External Remote Services
381,[],action.hacking.vector.3rd party desktop,,T1133,381,[],381,,External Remote Services
382,[],action.hacking.vector.Backdoor or C2,,T1133,382,[],382,,External Remote Services
383,[],action.hacking.vector.Desktop sharing software,,T1133,383,[],383,,External Remote Services
384,[],action.malware.variety.Backdoor,,T1133,384,[],384,,External Remote Services
385,[],action.malware.variety.Exploit vuln,,T1133,385,[],385,,External Remote Services
386,[],action.malware.vector.Remote injection,,T1133,386,[],386,,External Remote Services
387,[],action.malware.vector.Web application,,T1133,387,[],387,,External Remote Services
388,[],action.hacking.variety.Use of backdoor or C2,,T1205,388,[],388,,Traffic Signaling
389,[],action.hacking.vector.Backdoor or C2,,T1205,389,[],389,,Traffic Signaling
390,[],action.malware.variety.C2,,T1205,390,[],390,,Traffic Signaling
391,[],action.hacking.variety.Use of backdoor or C2,,T1505,391,[],391,,Server Software Component
392,[],action.hacking.vector.Backdoor or C2,,T1505,392,[],392,,Server Software Component
393,[],action.malware.variety.Backdoor,,T1505,393,[],393,,Server Software Component
394,[],action.hacking.variety.Use of backdoor or C2,,T1505.003,394,[],394,,Server Software Component: Web Shell
395,[],action.hacking.vector.Backdoor or C2,,T1505.003,395,[],395,,Server Software Component: Web Shell
396,[],action.malware.variety.Backdoor,,T1505.003,396,[],396,,Server Software Component: Web Shell
397,[],action.hacking.variety.Use of backdoor or C2,,T1525,397,[],397,,Implant Container Image
398,[],action.hacking.vector.Backdoor or C2,,T1525,398,[],398,,Implant Container Image
399,[],action.malware.variety.Backdoor,,T1525,399,[],399,,Implant Container Image
400,[],action.malware.variety.RAT,,T1525,400,[],400,,Implant Container Image
401,[],action.malware.variety.Unknown,,T1525,401,[],401,,Implant Container Image
402,[],action.hacking.variety.Use of backdoor or C2,,T1568,402,[],402,,Dynamic Resolution
403,[],action.hacking.vector.Backdoor or C2,,T1568,403,[],403,,Dynamic Resolution
404,[],action.malware.variety.C2,,T1568,404,[],404,,Dynamic Resolution
405,[],action.malware.vector.Download by malware,,T1568,405,[],405,,Dynamic Resolution
406,[],action.hacking.variety.Use of backdoor or C2,,T1571,406,[],406,,Non-Standard Port
407,[],action.hacking.vector.Backdoor or C2,,T1571,407,[],407,,Non-Standard Port
408,[],action.malware.variety.C2,,T1571,408,[],408,,Non-Standard Port
409,[],action.hacking.variety.Use of backdoor or C2,,T1572,409,[],409,,Protocol Tunneling
410,[],action.hacking.vector.Backdoor or C2,,T1572,410,[],410,,Protocol Tunneling
411,[],action.malware.variety.C2,,T1572,411,[],411,,Protocol Tunneling
412,[],action.hacking.variety.Use of backdoor or C2,,T1573,412,[],412,,Encrypted Channels
413,[],action.hacking.vector.Backdoor or C2,,T1573,413,[],413,,Encrypted Channels
414,[],action.malware.variety.C2,,T1573,414,[],414,,Encrypted Channels
415,[],action.hacking.variety.Use of backdoor or C2,,T1573.001,415,[],415,,Encrypted Channels: Symmetric Cryptography
416,[],action.malware.variety.C2,,T1573.001,416,[],416,,Encrypted Channels: Symmetric Cryptography
417,[],action.hacking.variety.Use of backdoor or C2,,T1573.002,417,[],417,,Encrypted Channels: Asymmetric Cryptography
418,[],action.malware.variety.C2,,T1573.002,418,[],418,,Encrypted Channels: Asymmetric Cryptography
419,[],action.hacking.variety.Use of stolen creds,,T1021,419,[],419,,Remote Services
420,[],action.malware.vector.Network propagation,,T1021,420,[],420,,Remote Services
421,[],action.hacking.variety.Use of stolen creds,,T1021.001,421,[],421,,Remote Services: Remote Desktop Protocol
422,[],action.hacking.vector.Desktop sharing software,,T1021.001,422,[],422,,Remote Services: Remote Desktop Protocol
423,[],action.hacking.variety.Use of stolen creds,,T1021.002,423,[],423,,Remote Services: SMB/Windows Admin Shares
424,[],action.hacking.vector.Command shell,,T1021.002,424,[],424,,Remote Services: SMB/Windows Admin Shares
425,[],action.hacking.variety.Use of stolen creds,,T1021.003,425,[],425,,Remote Services: Distributed Component Object Model
426,[],action.hacking.vector.Command shell,,T1021.003,426,[],426,,Remote Services: Distributed Component Object Model
427,[],action.hacking.variety.Use of stolen creds,,T1021.004,427,[],427,,Remote Services: SSH
428,[],action.hacking.vector.Command shell,,T1021.004,428,[],428,,Remote Services: SSH
429,[],action.hacking.variety.Use of stolen creds,,T1021.005,429,[],429,,Remote Services: VNC
430,[],action.hacking.vector.Desktop sharing software,,T1021.005,430,[],430,,Remote Services: VNC
431,[],action.hacking.variety.Use of stolen creds,,T1021.006,431,[],431,,Remote Services: Windows Remote Management
432,[],action.hacking.vector.Command shell,,T1021.006,432,[],432,,Remote Services: Windows Remote Management
433,[],action.hacking.variety.Use of stolen creds,,T1078.001,433,[],433,,Valid Accounts: Default Accounts
434,[],action.hacking.variety.Use of stolen creds,,T1078.002,434,[],434,,Valid Accounts: Domain Accounts
435,[],action.hacking.variety.Use of stolen creds,,T1078.003,435,[],435,,Valid Accounts: Local Accounts
436,[],action.hacking.variety.Use of stolen creds,,T1078.004,436,[],436,,Valid Accounts: Cloud Accounts
437,[],action.hacking.variety.Use of stolen creds,,T1134,437,[],437,,Access Token Manipulation
438,[],action.hacking.variety.Use of stolen creds,,T1134.001,438,[],438,,Access Token Manipulation: Token Impersonation/Theft
439,[],action.hacking.variety.Use of stolen creds,,T1134.002,439,[],439,,Access Token Manipulation: Create Process with Token
440,[],action.hacking.variety.Use of stolen creds,,T1134.003,440,[],440,,Access Token Manipulation: Make and Impersonate Token
441,[],action.hacking.variety.Use of stolen creds,,T1134.004,441,[],441,,Access Token Manipulation: Parent PID Spoofing
442,[],action.hacking.variety.Use of stolen creds,,T1134.005,442,[],442,,Access Token Manipulation: SID-History Injection
443,[],action.hacking.variety.Use of stolen creds,,T1550,443,[],443,,Use Alternate Authentication Material
444,[],action.malware.vector.Network propagation,,T1550,444,[],444,,Use Alternate Authentication Material
445,[],action.hacking.variety.Use of stolen creds,,T1550.001,445,[],445,,Use Alternate Authentication Material: Application Access Token
446,[],action.hacking.variety.Use of stolen creds,,T1550.003,446,[],446,,Use Alternate Authentication Material: Pass the Ticket
447,[],action.hacking.variety.Use of stolen creds,,T1550.004,447,[],447,,Use Alternate Authentication Material: Web Session Cookies
448,[],action.hacking.variety.Use of stolen creds,,T1558,448,[],448,,Steal or Forge Kerberos Tickets
449,[],action.hacking.variety.Use of stolen creds,,T1558.001,449,[],449,,Steal or Forge Kerberos Tickets: Golden Ticket
450,[],action.hacking.variety.Use of stolen creds,,T1558.002,450,[],450,,Steal or Forge Kerberos Tickets: Silver Ticket
451,[],action.hacking.variety.Use of stolen creds,,T1558.003,451,[],451,,Steal or Forge Kerberos Tickets: Kerberoasting
452,[],action.hacking.variety.Use of stolen creds,,T1586,452,[],452,,Compromise Account
453,[],action.hacking.variety.Use of stolen creds,,T1586.001,453,[],453,,Compromise Account: Social Media Accounts
454,[],action.social.variety.Phishing,,T1586.001,454,[],454,,Compromise Account: Social Media Accounts
455,[],action.social.variety.Pretexting,,T1586.001,455,[],455,,Compromise Account: Social Media Accounts
456,[],action.hacking.variety.Use of stolen creds,,T1586.002,456,[],456,,Compromise Account: Email Accounts
457,[],action.hacking.variety.Virtual machine escape,,T1611,457,[],457,,Escape to Host
458,[],action.hacking.variety.XML external entities,,T1213,458,[],458,,Data from Information Repository
459,[],action.malware.variety.Capture stored data,,T1213,459,[],459,,Data from Information Repository
460,[],action.hacking.variety.XML injection,,T1546,460,[],460,,Event Triggered Execution
461,[],action.hacking.vector.Backdoor or C2,,T1546,461,[],461,,Event Triggered Execution
462,[],action.malware.variety.Backdoor,,T1546,462,[],462,,Event Triggered Execution
463,[],attribute.integrity.variety.Alter behavior,,T1546,463,[],463,,Event Triggered Execution
464,[],action.hacking.variety.Unknown,,T1574,464,[],464,,Hijack Execution Flow
465,[],action.hacking.variety.XML injection,,T1574,465,[],465,,Hijack Execution Flow
466,[],action.hacking.vector.Backdoor or C2,,T1574,466,[],466,,Hijack Execution Flow
467,[],action.malware.variety.Backdoor,,T1574,467,[],467,,Hijack Execution Flow
468,[],action.hacking.variety.XPath injection,,T1010,468,[],468,,Application Window Discovery
469,[],action.malware.variety.Capture stored data,,T1010,469,[],469,,Application Window Discovery
470,[],action.hacking.variety.Unknown,,T1111,470,[],470,,Two-Factor Authentication Interception
471,[],action.hacking.variety.Unknown,,T1583,471,[],471,,Acquire Infrastructure
472,[],action.malware.vector.Web application - download,,T1583,472,[],472,,Acquire Infrastructure
473,[],action.hacking.variety.Unknown,,T1583.001,473,[],473,,Acquire Infrastructure: Domains
474,[],action.malware.variety.C2,,T1583.001,474,[],474,,Acquire Infrastructure: Domains
475,[],value_chain.distribution.variety.Other,,T1583.001,475,[],475,,Acquire Infrastructure: Domains
476,[],value_chain.non-distribution services.variety.Other,,T1583.001,476,[],476,,Acquire Infrastructure: Domains
477,[],action.hacking.variety.Unknown,,T1583.002,477,[],477,,Acquire Infrastructure: DNS Server
478,[],action.malware.variety.C2,,T1583.002,478,[],478,,Acquire Infrastructure: DNS Server
479,[],value_chain.distribution.variety.Other,,T1583.002,479,[],479,,Acquire Infrastructure: DNS Server
480,[],value_chain.non-distribution services.variety.Other,,T1583.002,480,[],480,,Acquire Infrastructure: DNS Server
481,[],action.hacking.variety.Unknown,,T1584,481,[],481,,Compromise Infrastructure
482,[],action.malware.vector.Web application - download,,T1584,482,[],482,,Compromise Infrastructure
483,[],value_chain.distribution.variety.Other,,T1584,483,[],483,,Compromise Infrastructure
484,[],value_chain.non-distribution services.variety.Other,,T1584,484,[],484,,Compromise Infrastructure
485,[],action.hacking.variety.Unknown,,T1584.001,485,[],485,,Compromise Infrastructure: Domains
486,[],action.social.variety.Pretexting,,T1584.001,486,[],486,,Compromise Infrastructure: Domains
487,[],value_chain.distribution.variety.Other,,T1584.001,487,[],487,,Compromise Infrastructure: Domains
488,[],value_chain.non-distribution services.variety.Other,,T1584.001,488,[],488,,Compromise Infrastructure: Domains
489,[],action.hacking.variety.Unknown,,T1584.002,489,[],489,,Compromise Infrastructure: DNS Server
490,[],action.malware.variety.C2,,T1584.002,490,[],490,,Compromise Infrastructure: DNS Server
491,[],value_chain.distribution.variety.Compromised server,,T1584.002,491,[],491,,Compromise Infrastructure: DNS Server
492,[],value_chain.non-distribution services.variety.Other,,T1584.002,492,[],492,,Compromise Infrastructure: DNS Server
493,[],action.hacking.variety.Unknown,,T1584.003,493,[],493,,Compromise Infrastructure: Virtual Private Server
494,[],value_chain.distribution.variety.Compromised server,,T1584.003,494,[],494,,Compromise Infrastructure: Virtual Private Server
495,[],value_chain.non-distribution services.variety.Other,,T1584.003,495,[],495,,Compromise Infrastructure: Virtual Private Server
496,[],action.hacking.variety.Unknown,,T1584.004,496,[],496,,Compromise Infrastructure: Server
497,[],value_chain.distribution.variety.Compromised server,,T1584.004,497,[],497,,Compromise Infrastructure: Server
498,[],value_chain.non-distribution services.variety.Other,,T1584.004,498,[],498,,Compromise Infrastructure: Server
499,[],action.hacking.variety.Unknown,,T1584.006,499,[],499,,Compromise Infrastructure: Web Services
500,[],value_chain.distribution.variety.Other,,T1584.006,500,[],500,,Compromise Infrastructure: Web Services
501,[],value_chain.non-distribution services.variety.Other,,T1584.006,501,[],501,,Compromise Infrastructure: Web Services
502,[],action.hacking.variety.Unknown,,T1587,502,[],502,,Develop Capabilities
503,[],value_chain.development.variety.Unknown,,T1587,503,[],503,,Develop Capabilities
504,[],action.hacking.variety.Unknown,,T1587.001,504,[],504,,Develop Capabilities: Malware
505,[],action.malware.variety.Unknown,,T1587.001,505,[],505,,Develop Capabilities: Malware
506,[],value_chain.development.variety.Bot,,T1587.001,506,[],506,,Develop Capabilities: Malware
507,[],value_chain.development.variety.Payload,,T1587.001,507,[],507,,Develop Capabilities: Malware
508,[],value_chain.development.variety.Ransomware,,T1587.001,508,[],508,,Develop Capabilities: Malware
509,[],value_chain.development.variety.Trojan,,T1587.001,509,[],509,,Develop Capabilities: Malware
510,[],action.hacking.variety.Unknown,,T1587.002,510,[],510,,Develop Capabilities: Code Signing Certificates
511,[],value_chain.development.variety.Other,,T1587.002,511,[],511,,Develop Capabilities: Code Signing Certificates
512,[],action.hacking.variety.Unknown,,T1587.003,512,[],512,,Develop Capabilities: Digital Certificates
513,[],value_chain.development.variety.Other,,T1587.003,513,[],513,,Develop Capabilities: Digital Certificates
514,[],action.hacking.variety.Unknown,,T1587.004,514,[],514,,Develop Capabilities: Exploits
515,[],action.malware.variety.Unknown,,T1587.004,515,[],515,,Develop Capabilities: Exploits
516,[],value_chain.development.variety.Exploit,,T1587.004,516,[],516,,Develop Capabilities: Exploits
517,[],value_chain.development.variety.Exploit Kits,,T1587.004,517,[],517,,Develop Capabilities: Exploits
518,[],action.hacking.variety.Unknown,,T1588,518,[],518,,Obtain Capabilities
519,[],value_chain.development.variety.Unknown,,T1588,519,[],519,,Obtain Capabilities
520,[],action.hacking.variety.Unknown,,T1588.001,520,[],520,,Obtain Capabilities: Malware
521,[],action.malware.variety.Unknown,,T1588.001,521,[],521,,Obtain Capabilities: Malware
522,[],value_chain.development.variety.Bot,,T1588.001,522,[],522,,Obtain Capabilities: Malware
523,[],value_chain.development.variety.Payload,,T1588.001,523,[],523,,Obtain Capabilities: Malware
524,[],value_chain.development.variety.Ransomware,,T1588.001,524,[],524,,Obtain Capabilities: Malware
525,[],value_chain.development.variety.Trojan,,T1588.001,525,[],525,,Obtain Capabilities: Malware
526,[],action.hacking.variety.Unknown,,T1588.002,526,[],526,,Obtain Capabilities: Tool
527,[],action.hacking.variety.Unknown,,T1588.003,527,[],527,,Obtain Capabilities: Code Signing Certificates
528,[],value_chain.development.variety.Other,,T1588.003,528,[],528,,Obtain Capabilities: Code Signing Certificates
529,[],action.hacking.variety.Unknown,,T1588.004,529,[],529,,Obtain Capabilities: Digital Certificates
530,[],value_chain.development.variety.Other,,T1588.004,530,[],530,,Obtain Capabilities: Digital Certificates
531,[],action.hacking.variety.Unknown,,T1588.005,531,[],531,,Obtain Capabilities: Exploits
532,[],action.malware.variety.Unknown,,T1588.005,532,[],532,,Obtain Capabilities: Exploits
533,[],value_chain.development.variety.Exploit,,T1588.005,533,[],533,,Obtain Capabilities: Exploits
534,[],value_chain.development.variety.Exploit Kits,,T1588.005,534,[],534,,Obtain Capabilities: Exploits
535,[],action.hacking.variety.Unknown,,T1588.006,535,[],535,,Obtain Capabilities: Vulnerabilities
536,[],action.malware.variety.Unknown,,T1588.006,536,[],536,,Obtain Capabilities: Vulnerabilities
537,[],action.hacking.variety.Unknown,,T1599,537,[],537,,Network Boundry Bridging
538,[],action.hacking.variety.Unknown,,T1599.001,538,[],538,,Network Boundry Bridging: Network Address Translation Traversal
539,[],action.hacking.variety.Unknown,,T1606,539,[],539,,Forge Web Credentials
540,[],action.hacking.variety.Unknown,,T1606.001,540,[],540,,Forge Web Credentials: Web Cookies
541,[],action.hacking.variety.Unknown,,T1606.002,541,[],541,,Forge Web Credentials: SAML Tokens
542,[],action.hacking.variety.Unknown,,T1531,542,[],542,,Account Access Removal
543,[],attribute.integrity.variety.Unknown,,T1531,543,[],543,,Account Access Removal
544,[],action.hacking.vector.Backdoor or C2,,T1037,544,[],544,,Boot or Logon Initialization Script
545,[],action.malware.variety.Backdoor,,T1037,545,[],545,,Boot or Logon Initialization Script
546,[],attribute.integrity.variety.Modify configuration,,T1037,546,[],546,,Boot or Logon Initialization Script
547,[],action.hacking.vector.Backdoor or C2,,T1098,547,[],547,,Account Manipulation
548,[],action.malware.variety.Backdoor,,T1098,548,[],548,,Account Manipulation
549,[],attribute.integrity.variety.Modify privileges,,T1098,549,[],549,,Account Manipulation
550,[],action.hacking.vector.Backdoor or C2,,T1136,550,[],550,,Create Account
551,[],action.malware.variety.Modify data,,T1136,551,[],551,,Create Account
552,[],attribute.integrity.variety.Created account,,T1136,552,[],552,,Create Account
553,[],action.hacking.vector.Backdoor or C2,,T1197,553,[],553,,BITS Jobs
554,[],action.malware.variety.Export data,,T1197,554,[],554,,BITS Jobs
555,[],action.hacking.vector.Backdoor or C2,,T1542,555,[],555,,Pre-OS Boot
556,[],action.malware.variety.Rootkit,,T1542,556,[],556,,Pre-OS Boot
557,[],action.hacking.vector.Backdoor or C2,,T1554,557,[],557,,Compromise Client Software Binary
558,[],action.malware.variety.Adminware,,T1554,558,[],558,,Compromise Client Software Binary
559,[],action.malware.variety.Backdoor,,T1554,559,[],559,,Compromise Client Software Binary
560,[],action.malware.variety.Trojan,,T1554,560,[],560,,Compromise Client Software Binary
561,[],action.hacking.vector.Desktop sharing software,,T1219,561,[],561,,Remote Access Software
562,[],action.malware.variety.Adminware,,T1219,562,[],562,,Remote Access Software
563,[],action.hacking.vector.Hypervisor,,T1497,563,[],563,,Virtualization/Sandbox Evasion
564,[],action.hacking.vector.Inter-tenant,,T1497,564,[],564,,Virtualization/Sandbox Evasion
565,[],action.malware.variety.Disable controls,,T1497,565,[],565,,Virtualization/Sandbox Evasion
566,[],action.hacking.vector.Partner,,T1199,566,[],566,,Trusted Relationship
567,[],action.malware.variety.Adware,,T1199,567,[],567,,Trusted Relationship
568,[],action.hacking.vector.Partner,,T1195,568,[],568,,Supply Chain Compromise
569,[],action.malware.vector.Software update,,T1195,569,[],569,,Supply Chain Compromise
570,[],action.hacking.vector.Partner,,T1195.001,570,[],570,,Supply Chain Compromise: Compromise Software Dependencies and Development Tools
571,[],action.hacking.vector.Partner,,T1195.002,571,[],571,,Supply Chain Compromise: Compromise Software Supply Chain
572,[],action.hacking.vector.Partner,,T1195.003,572,[],572,,Supply Chain Compromise: Compromise Hardware Supply Chain
573,[],action.hacking.vector.Physical access,,T1200,573,[],573,,Hardware Additions
574,[],action.malware.variety.Backdoor,,T1205.001,574,[],574,,Traffic Signaling: Port Knocking
575,[],action.malware.variety.C2,,T1205.001,575,[],575,,Traffic Signaling: Port Knocking
576,[],action.malware.variety.C2,,T1001.001,576,[],576,,Data Obfuscation: Junk Data
577,[],action.malware.variety.Unknown,,T1001.001,577,[],577,,Data Obfuscation: Junk Data
578,[],action.malware.variety.C2,,T1071.001,578,[],578,,Application Layer Protocol: Web Protocols
579,[],action.malware.variety.Unknown,,T1071.001,579,[],579,,Application Layer Protocol: Web Protocols
580,[],action.malware.variety.C2,,T1071.002,580,[],580,,Application Layer Protocol: File Transfer Protocol
581,[],action.malware.variety.Unknown,,T1071.002,581,[],581,,Application Layer Protocol: File Transfer Protocol
582,[],action.malware.variety.C2,,T1071.003,582,[],582,,Application Layer Protocol: Mail Protocols
583,[],action.malware.variety.Unknown,,T1071.003,583,[],583,,Application Layer Protocol: Mail Protocols
584,[],action.malware.variety.C2,,T1071.004,584,[],584,,Application Layer Protocol: DNS
585,[],action.malware.variety.Unknown,,T1071.004,585,[],585,,Application Layer Protocol: DNS
586,[],action.malware.variety.C2,,T1090.001,586,[],586,,Proxy: Internal Proxy
587,[],action.malware.variety.C2,,T1090.002,587,[],587,,Proxy: External Proxy
588,[],action.malware.variety.C2,,T1090.003,588,[],588,,Proxy: Multi-hop Proxy
589,[],action.malware.variety.C2,,T1090.004,589,[],589,,Proxy: Domain Fronting
590,[],action.malware.variety.C2,,T1102.001,590,[],590,,Web Service: Dead Drop Resolver
591,[],action.malware.variety.C2,,T1102.002,591,[],591,,Web Service: Bidirectional Communication
592,[],action.malware.variety.C2,,T1102.003,592,[],592,,Web Service: One-Way Communication
593,[],action.malware.variety.C2,,T1132.001,593,[],593,,Data Encoding: Standard Encoding
594,[],action.malware.variety.C2,,T1132.002,594,[],594,,Data Encoding: Non-Standard Encoding
595,[],action.malware.variety.C2,,T1568.001,595,[],595,,Dynamic Resolution: Fast Flux DNS
596,[],action.malware.variety.C2,,T1568.002,596,[],596,,Dynamic Resolution: Domain Generation Algorithms
597,[],action.malware.variety.C2,,T1568.003,597,[],597,,Dynamic Resolution: DNS Calculation
598,[],action.malware.variety.Capture app data,,T1056,598,[],598,,Input Capture
599,[],action.malware.variety.Capture app data,,T1056.001,599,[],599,,Input Capture: Keylogging
600,[],action.malware.variety.Capture app data,,T1056.002,600,[],600,,Input Capture: GUI Input Capture
601,[],action.malware.variety.Capture app data,,T1056.003,601,[],601,,Input Capture: Web Portal Capture
602,[],action.malware.variety.Capture app data,,T1056.004,602,[],602,,Input Capture: Credential API Hooking
603,[],action.malware.variety.Password dumper,,T1056.004,603,[],603,,Input Capture: Credential API Hooking
604,[],action.malware.variety.Spyware/Keylogger,,T1056.004,604,[],604,,Input Capture: Credential API Hooking
605,[],action.malware.variety.Capture app data,,T1113,605,[],605,,Screen Capture
606,[],action.malware.variety.Capture app data,,T1114,606,[],606,,Email Collection
607,[],action.malware.variety.Capture app data,,T1114.001,607,[],607,,Email Collection: Local Email Collection
608,[],action.malware.variety.Capture app data,,T1114.002,608,[],608,,Email Collection: Remote Email Collection
609,[],action.malware.variety.Capture app data,,T1114.003,609,[],609,,Email Collection: Email Forwarding Rule
610,[],attribute.integrity.variety.Alter behavior,,T1114.003,610,[],610,,Email Collection: Email Forwarding Rule
611,[],action.malware.variety.Capture app data,,T1123,611,[],611,,Audio Capture
612,[],action.malware.variety.Capture app data,,T1125,612,[],612,,Video Capture
613,[],action.malware.variety.Capture app data,,T1176,613,[],613,,Browser Extensions
614,[],action.malware.vector.Web application - drive-by,,T1176,614,[],614,,Browser Extensions
615,[],action.malware.variety.Capture app data,,T1207,615,[],615,,Rogue Domain Controller
616,[],action.malware.variety.Capture app data,,T1217,616,[],616,,Browser Bookmark Discovery
617,[],action.malware.variety.Capture app data,,T1528,617,[],617,,Steal Application Access Token
618,[],action.malware.variety.Capture stored data,,T1003.002,618,[],618,,OS Credential Dumping: Security Account Manager
619,[],action.malware.variety.Password dumper,,T1003.002,619,[],619,,OS Credential Dumping: Security Account Manager
620,[],action.malware.variety.RAM scraper,,T1003.002,620,[],620,,OS Credential Dumping: Security Account Manager
621,[],action.malware.variety.Capture stored data,,T1003.003,621,[],621,,OS Credential Dumping: NTDS
622,[],action.malware.variety.Password dumper,,T1003.003,622,[],622,,OS Credential Dumping: NTDS
623,[],action.malware.variety.Capture stored data,,T1003.006,623,[],623,,OS Credential Dumping: DCSync
624,[],action.malware.variety.Export data,,T1003.006,624,[],624,,OS Credential Dumping: DCSync
625,[],action.malware.variety.Password dumper,,T1003.006,625,[],625,,OS Credential Dumping: DCSync
626,[],action.malware.variety.Capture stored data,,T1003.008,626,[],626,,OS Credential Dumping: /etc/passwd and /etc/shadow
627,[],action.malware.variety.Password dumper,,T1003.008,627,[],627,,OS Credential Dumping: /etc/passwd and /etc/shadow
628,[],action.malware.variety.Capture stored data,,T1005,628,[],628,,Data from Local System
629,[],action.malware.variety.Capture stored data,,T1025,629,[],629,,Data from Removable Media
630,[],action.malware.variety.Capture stored data,,T1033,630,[],630,,System Owner/User Discovery
631,[],action.malware.variety.Capture stored data,,T1039,631,[],631,,Data from Network Shared Drive
632,[],action.malware.variety.Capture stored data,,T1083,632,[],632,,File and Directory Discovery
633,[],action.malware.variety.Capture stored data,,T1213.001,633,[],633,,Data from Information Repositories: Confluence
634,[],action.malware.variety.Capture stored data,,T1213.002,634,[],634,,Data from Information Repositories: Sharepoint
635,[],action.malware.variety.Capture stored data,,T1530,635,[],635,,Data from Cloud Storage Object
636,[],action.malware.variety.Click fraud,,T1496,636,[],636,,Resource Hijacking
637,[],action.malware.variety.Click fraud and cryptocurrency mining,,T1496,637,[],637,,Resource Hijacking
638,[],action.malware.variety.Cryptocurrency mining,,T1496,638,[],638,,Resource Hijacking
639,[],action.malware.variety.Client-side attack,,T1221,639,[],639,,Template Injection
640,[],action.malware.variety.Destroy data,,T1070,640,[],640,,Indicator Removal on Host
641,[],action.malware.variety.Destroy data,,T1070.001,641,[],641,,Indicator Removal on Host: Clear Windows Event Logs
642,[],attribute.integrity.variety.Log tampering,,T1070.001,642,[],642,,Indicator Removal on Host: Clear Windows Event Logs
643,[],action.malware.variety.Destroy data,,T1070.002,643,[],643,,Indicator Removal on Host: Clear Linux or Mac System Logs
644,[],attribute.integrity.variety.Log tampering,,T1070.002,644,[],644,,Indicator Removal on Host: Clear Linux or Mac System Logs
645,[],action.malware.variety.Destroy data,,T1070.003,645,[],645,,Indicator Removal on Host: Clear Command History
646,[],action.malware.variety.Destroy data,,T1070.004,646,[],646,,Indicator Removal on Host: File Deletion
647,[],action.malware.variety.Destroy data,,T1070.005,647,[],647,,Indicator Removal on Host: Network Share Connection Removal
648,[],action.malware.variety.Destroy data,,T1070.006,648,[],648,,Indicator Removal on Host: Timestomp
649,[],action.malware.variety.Destroy data,,T1485,649,[],649,,Data Destruction
650,[],action.malware.variety.Destroy data,,T1495,650,[],650,,Firmware Corruption
651,[],action.malware.variety.Destroy data,,T1561,651,[],651,,Disk Wipe
652,[],action.malware.variety.Destroy data,,T1561.001,652,[],652,,Disk Wipe: Disk Content Wipe
653,[],action.malware.variety.Destroy data,,T1561.002,653,[],653,,Disk Wipe: Disk Structure Wipe
654,[],action.malware.variety.Disable controls,,T1006,654,[],654,,Direct Volume Access
655,[],action.malware.variety.Disable controls,,T1027,655,[],655,,Obfuscated Files or Information
656,[],action.malware.variety.Disable controls,,T1027.001,656,[],656,,Obfuscated Files or Information: Binary Padding
657,[],action.malware.variety.Disable controls,,T1027.002,657,[],657,,Obfuscated Files or Information: Software Packaging
658,[],action.malware.variety.Disable controls,,T1027.003,658,[],658,,Obfuscated Files or Information: Steganography
659,[],action.malware.variety.Disable controls,,T1027.004,659,[],659,,Obfuscated Files or Information: Compile After Dilevery
660,[],action.malware.variety.Disable controls,,T1027.005,660,[],660,,Obfuscated Files or Information: Indicator Removal from Tools
661,[],action.malware.variety.Disable controls,,T1036,661,[],661,,Masquerading
662,[],action.malware.vector.Email attachment,,T1036,662,[],662,,Masquerading
663,[],action.malware.variety.Disable controls,,T1036.001,663,[],663,,Masquerading: Invalid Code Signature
664,[],action.malware.variety.Disable controls,,T1036.002,664,[],664,,Masquerading: Right-to-Left Override
665,[],action.social.variety.Forgery,,T1036.002,665,[],665,,Masquerading: Right-to-Left Override
666,[],action.social.variety.Phishing,,T1036.002,666,[],666,,Masquerading: Right-to-Left Override
667,[],action.malware.variety.Disable controls,,T1036.003,667,[],667,,Masquerading: Rename System Utilities
668,[],action.malware.variety.Rootkit,,T1036.003,668,[],668,,Masquerading: Rename System Utilities
669,[],action.malware.variety.Disable controls,,T1036.004,669,[],669,,Masquerading: Masquerade Task or Service
670,[],action.malware.variety.Disable controls,,T1036.005,670,[],670,,Masquerading: Match Legitimate Name or Location
671,[],action.malware.variety.Disable controls,,T1036.006,671,[],671,,Masquerading: Space after Filename
672,[],action.malware.variety.Disable controls,,T1222,672,[],672,,File and Directory Permissions Modification
673,[],action.malware.variety.Disable controls,,T1222.001,673,[],673,,File and Directory Permissions Modification: Windows File and Directory Permissions Modification
674,[],action.malware.variety.Disable controls,,T1222.002,674,[],674,,File and Directory Permissions Modification: Linux and Mac File and Directory Permissions Modification
675,[],action.malware.variety.Disable controls,,T1490,675,[],675,,Inhibit System Recovery
676,[],action.malware.variety.Ransomware,,T1490,676,[],676,,Inhibit System Recovery
677,[],action.malware.variety.Disable controls,,T1497.001,677,[],677,,Virtualization/Sandbox Evasion: System Checks
678,[],action.malware.variety.Disable controls,,T1497.002,678,[],678,,Virtualization/Sandbox Evasion: User Activity Based Checks
679,[],action.malware.variety.Disable controls,,T1497.003,679,[],679,,Virtualization/Sandbox Evasion: Time Based Evasion
680,[],action.malware.variety.Disable controls,,T1553,680,[],680,,Subvert Trust Contols
681,[],action.malware.variety.Disable controls,,T1553.001,681,[],681,,Subvert Trust Contols: Gatekeeper Bypass
682,[],action.malware.variety.Disable controls,,T1553.002,682,[],682,,Subvert Trust Contols: Code Signing
683,[],action.malware.variety.Disable controls,,T1553.003,683,[],683,,Subvert Trust Contols: SIP and Trust Provider Hijacking
684,[],action.malware.variety.Disable controls,,T1553.004,684,[],684,,Subvert Trust Contols: Install Root Certificate
685,[],action.malware.variety.Disable controls,,T1553.005,685,[],685,,Subvert Trust Contols: Mark-of-the-Web Bypass
686,[],action.malware.variety.Disable controls,,T1553.006,686,[],686,,Subvert Trust Contols: Code Signing Policy Modification
687,[],action.malware.variety.Disable controls,,T1562,687,[],687,,Impair Defenses
688,[],action.malware.variety.Modify data,,T1562,688,[],688,,Impair Defenses
689,[],action.malware.variety.Disable controls,,T1562.001,689,[],689,,Impair Defenses: Disable or Modify Tools
690,[],action.malware.variety.Disable controls,,T1562.002,690,[],690,,Impair Defenses: Disable Windows Event Logging
691,[],action.malware.variety.Disable controls,,T1562.003,691,[],691,,Impair Defenses: Impair Command History Logging
692,[],action.malware.variety.Disable controls,,T1562.004,692,[],692,,Impair Defenses: Disable or Modify System Firewall
693,[],action.malware.variety.Disable controls,,T1562.006,693,[],693,,Impair Defenses: Indicator Blocking
694,[],action.malware.variety.Disable controls,,T1562.007,694,[],694,,Impair Defenses: Disable or Modify Cloud Firewall
695,[],action.malware.variety.Disable controls,,T1562.008,695,[],695,,Impair Defenses: Disable Cloud Logs
696,[],action.malware.variety.Disable controls,,T1574.012,696,[],696,,Hijack Execution Flow: COR_PROFILER
697,[],action.malware.variety.Disable controls,,T1600.001,697,[],697,,Weaken Encryption: Reduce Key Space
698,[],action.malware.variety.Disable controls,,T1600.002,698,[],698,,Weaken Encryption: Disable Crypto Hardware
699,[],action.malware.variety.Disable controls,,T1601,699,[],699,,Modify System Image
700,[],action.malware.variety.Disable controls,,T1601.001,700,[],700,,Modify System Image: Patch System Image
701,[],action.malware.variety.Disable controls,,T1601.002,701,[],701,,Modify System Image: Downgrade System Image
702,[],action.malware.variety.DoS,,T1489,702,[],702,,Service Stop
703,[],action.malware.variety.Exploit vuln,,T1211,703,[],703,,Exploitation for Defense Evasion
704,[],action.malware.variety.Export data,,T1011,704,[],704,,Exfiltration Over Other Network Medium
705,[],action.malware.variety.Export data,,T1011.001,705,[],705,,Exfiltration Over Other Network Medium: Exfiltration Over Bluetooth
706,[],action.malware.variety.Export data,,T1020,706,[],706,,Automated Exfiltration
707,[],action.malware.variety.Export data,,T1020.001,707,[],707,,Automated Exfiltration: Traffic Duplication
708,[],action.malware.variety.Export data,,T1029,708,[],708,,Scheduled Transfer
709,[],action.malware.variety.Export data,,T1030,709,[],709,,Data Transfer Size Limits
710,[],action.malware.variety.Export data,,T1041,710,[],710,,Exfiltration Over C2 Channels
711,[],action.malware.variety.Export data,,T1048,711,[],711,,Exfiltration Over Alternative Protocol
712,[],action.malware.variety.Export data,,T1048.001,712,[],712,,Exfiltration Over Alternative Protocol: Exfiltration Over Symmetric Encrypted Non-C2 Protocol
713,[],action.malware.variety.Export data,,T1048.002,713,[],713,,Exfiltration Over Alternative Protocol: Exfiltration Over Asymmetric Encrypted Non-C2 Protocol
714,[],action.malware.variety.Export data,,T1048.003,714,[],714,,Exfiltration Over Alternative Protocol: Exfiltration Over Unencrypted/Obfuscated Non-C2 Protcol
715,[],action.malware.variety.Export data,,T1052,715,[],715,,Exfiltration Over Physical Medium
716,[],action.malware.variety.Export data,,T1052.001,716,[],716,,Exfiltration Over Physical Medium: Exfiltration over USB
717,[],action.malware.variety.Export data,,T1074,717,[],717,,Data Staged
718,[],action.malware.variety.Export data,,T1074.001,718,[],718,,Data Staged: Local Data Staging
719,[],action.malware.variety.Export data,,T1074.002,719,[],719,,Data Staged: Remote Data Staging
720,[],action.malware.variety.Export data,,T1537,720,[],720,,Transfer Data to Cloud Account
721,[],action.malware.variety.Export data,,T1560,721,[],721,,Archive Collected Data
722,[],action.malware.variety.Export data,,T1560.001,722,[],722,,Archive Collected Data: Archive via Utility
723,[],action.malware.variety.Export data,,T1560.002,723,[],723,,Archive Collected Data: Archive via Library
724,[],action.malware.variety.Export data,,T1560.003,724,[],724,,Archive Collected Data: Archive via Custom Method
725,[],action.malware.variety.Export data,,T1567,725,[],725,,Exfiltration Over Web Service
726,[],action.malware.variety.Export data,,T1567.001,726,[],726,,Exfiltration Over Web Service: Exfiltration to Code Repository
727,[],action.malware.variety.Export data,,T1567.002,727,[],727,,Exfiltration Over Web Service: Exfiltration to Cloud Storage
728,[],action.malware.variety.In-memory,,T1003.007,728,[],728,,OS Credential Dumping: Proc Filesystem
729,[],action.malware.variety.Password dumper,,T1003.007,729,[],729,,OS Credential Dumping: Proc Filesystem
730,[],action.malware.variety.In-memory,,T1055,730,[],730,,Process Injection
731,[],action.malware.variety.In-memory,,T1055.001,731,[],731,,Process Injection: Dynamic-link Library Injection
732,[],action.malware.variety.In-memory,,T1055.002,732,[],732,,Process Injection: Portable Executable Injection
733,[],action.malware.variety.In-memory,,T1055.003,733,[],733,,Process Injection: Thread Execution Hijacking
734,[],action.malware.variety.In-memory,,T1055.004,734,[],734,,Process Injection: Asynchronous Procedure Call
735,[],action.malware.variety.In-memory,,T1055.005,735,[],735,,Process Injection: Thread Local Storage
736,[],action.malware.variety.In-memory,,T1055.008,736,[],736,,Process Injection: Ptrace System Calls
737,[],action.malware.variety.In-memory,,T1055.009,737,[],737,,Process Injection: Proc Memory
738,[],action.malware.variety.In-memory,,T1055.011,738,[],738,,Process Injection: Extra Window Memory Injection
739,[],action.malware.variety.In-memory,,T1055.012,739,[],739,,Process Injection: Process Hollowing
740,[],action.malware.variety.In-memory,,T1055.013,740,[],740,,Process Injection: Process Doppelganging
741,[],action.malware.variety.In-memory,,T1055.014,741,[],741,,Process Injection: VDSO Hijacking
742,[],action.malware.variety.In-memory,,T1115,742,[],742,,Clipboard Data
743,[],action.malware.variety.Packet sniffer,,T1040,743,[],743,,Network Sniffing
744,[],action.malware.variety.Scan network,,T1040,744,[],744,,Network Sniffing
745,[],action.malware.variety.Password dumper,,T1003,745,[],745,,OS Credential Dumping
746,[],action.malware.variety.Password dumper,,T1003.001,746,[],746,,OS Credential Dumping: LSASS Memory
747,[],action.malware.variety.RAM scraper,,T1003.001,747,[],747,,OS Credential Dumping: LSASS Memory
748,[],action.malware.variety.Password dumper,,T1003.004,748,[],748,,OS Credential Dumping: LSA Secrets
749,[],action.malware.variety.RAM scraper,,T1003.004,749,[],749,,OS Credential Dumping: LSA Secrets
750,[],action.malware.variety.Password dumper,,T1003.005,750,[],750,,OS Credential Dumping: Cached Domain Credentials
751,[],action.malware.variety.RAM scraper,,T1003.005,751,[],751,,OS Credential Dumping: Cached Domain Credentials
752,[],action.malware.vector.Email link,,T1003.005,752,[],752,,OS Credential Dumping: Cached Domain Credentials
753,[],action.malware.variety.Password dumper,,T1552.001,753,[],753,,Unsecured Credentials: Credentials in Files
754,[],action.malware.variety.Password dumper,,T1552.002,754,[],754,,Unsecured Credentials: Credentials in Registry
755,[],action.malware.variety.Password dumper,,T1552.003,755,[],755,,Unsecured Credentials: Bash History
756,[],action.malware.variety.Password dumper,,T1552.004,756,[],756,,Unsecured Credentials: Private Keys
757,[],action.malware.variety.Password dumper,,T1552.005,757,[],757,,Unsecured Credentials: Cloud Instance Metadata API
758,[],action.malware.variety.Password dumper,,T1552.006,758,[],758,,Unsecured Credentials: Group Policy Preferences
759,[],action.malware.variety.Password dumper,,T1555,759,[],759,,Credentials from Password Stores
760,[],action.malware.variety.Password dumper,,T1555.001,760,[],760,,Credentials from Password Stores: Keychain
761,[],action.malware.variety.Password dumper,,T1555.002,761,[],761,,Credentials from Password Stores: Securityd Memory
762,[],action.malware.variety.RAM scraper,,T1555.002,762,[],762,,Credentials from Password Stores: Securityd Memory
763,[],action.malware.variety.Password dumper,,T1555.003,763,[],763,,Credentials from Password Stores: Credentials from Web Browser
764,[],action.malware.variety.Password dumper,,T1555.004,764,[],764,,Credentials from Password Stores: Windows Credential Manager
765,[],action.malware.variety.Password dumper,,T1555.005,765,[],765,,Credentials from Password Stores: Password Managers
766,[],action.malware.variety.Ransomware,,T1486,766,[],766,,Data Encrypted for Impact
767,[],action.malware.variety.Rootkit,,T1014,767,[],767,,Rootkit
768,[],action.malware.variety.Rootkit,,T1542.001,768,[],768,,Pre-OS Boot: System Firmware
769,[],action.malware.variety.Rootkit,,T1542.002,769,[],769,,Pre-OS Boot: Component Firmware
770,[],action.malware.variety.Rootkit,,T1542.003,770,[],770,,Pre-OS Boot: Bootkit
771,[],action.malware.variety.Rootkit,,T1542.004,771,[],771,,Pre-OS Boot: ROMMONkit
772,[],action.malware.variety.Rootkit,,T1542.005,772,[],772,,Pre-OS Boot: TFTP Boot
773,[],action.malware.variety.Scan network,,T1016,773,[],773,,System Network Configuration Discovery
774,[],action.malware.variety.Scan network,,T1016.001,774,[],774,,System Network Configuration Discovery: Internet Connection Discovery
775,[],action.malware.variety.Scan network,,T1018,775,[],775,,Remote System Discovery
776,[],action.malware.variety.Scan network,,T1046,776,[],776,,Network Service Scanning
777,[],action.malware.variety.Scan network,,T1049,777,[],777,,System Network Connections Discovery
778,[],action.malware.variety.Scan network,,T1135,778,[],778,,Network Share Discovery
779,[],action.malware.variety.Scan network,,T1482,779,[],779,,Domain Trust Discovery
780,[],action.malware.variety.Scan network,,T1595,780,[],780,,Active Scanning
781,[],value_chain.targeting.variety.Organizational Information,,T1595,781,[],781,,Active Scanning
782,[],action.malware.variety.Scan network,,T1595.001,782,[],782,,Active Scanning: Scanning IP Blocks
783,[],value_chain.targeting.variety.Organizational Information,,T1595.001,783,[],783,,Active Scanning: Scanning IP Blocks
784,[],action.malware.variety.Trojan,,T1204.003,784,[],784,,User Execution: Malicious Image
785,[],action.malware.variety.Unknown,,T1204.003,785,[],785,,User Execution: Malicious Image
786,[],action.social.variety.Phishing,,T1204.003,786,[],786,,User Execution: Malicious Image
787,[],action.social.variety.Pretexting,,T1204.003,787,[],787,,User Execution: Malicious Image
788,[],action.malware.variety.Unknown,,T1080,788,[],788,,Taint Shared Content
789,[],action.malware.variety.Worm,,T1080,789,[],789,,Taint Shared Content
790,[],action.malware.variety.Worm,,T1091,790,[],790,,Replication Through Removable Media
791,[],action.malware.vector.Removable media,,T1091,791,[],791,,Replication Through Removable Media
792,[],action.malware.variety.Unknown,,T1001.002,792,[],792,,Data Obfuscation: Steganography
793,[],action.malware.variety.Unknown,,T1001.003,793,[],793,,Data Obfuscation: Protocol Impersonation
794,[],action.malware.variety.Unknown,,T1140,794,[],794,,Deobfuscate/Decode Files or Information
795,[],action.malware.variety.Unknown,,T1204,795,[],795,,User Execution
796,[],action.social.variety.Phishing,,T1204,796,[],796,,User Execution
797,[],action.malware.variety.Unknown,,T1204.001,797,[],797,,User Execution: Malicious Link
798,[],action.malware.vector.Email link,,T1204.001,798,[],798,,User Execution: Malicious Link
799,[],action.social.variety.Phishing,,T1204.001,799,[],799,,User Execution: Malicious Link
800,[],action.malware.variety.Unknown,,T1204.002,800,[],800,,User Execution: Malicious File
801,[],action.malware.vector.Email attachment,,T1204.002,801,[],801,,User Execution: Malicious File
802,[],action.social.variety.Phishing,,T1204.002,802,[],802,,User Execution: Malicious File
803,[],action.malware.variety.Unknown,,T1608,803,[],803,,Stage Capabilities
804,[],value_chain.distribution.variety.Unknown,,T1608,804,[],804,,Stage Capabilities
805,[],action.malware.variety.Unknown,,T1608.001,805,[],805,,Stage Capabilities: Upload Malware
806,[],value_chain.distribution.variety.Website,,T1608.001,806,[],806,,Stage Capabilities: Upload Malware
807,[],action.malware.variety.Unknown,,T1608.002,807,[],807,,Stage Capabilities: Upload Tools
808,[],value_chain.distribution.variety.Website,,T1608.002,808,[],808,,Stage Capabilities: Upload Tools
809,[],action.malware.variety.Unknown,,T1608.003,809,[],809,,Stage Capabilities: Install Digital Certificate
810,[],value_chain.distribution.variety.Other,,T1608.003,810,[],810,,Stage Capabilities: Install Digital Certificate
811,[],action.malware.variety.Unknown,,T1608.004,811,[],811,,Stage Capabilities: Drive-by Target
812,[],value_chain.distribution.variety.Website,,T1608.004,812,[],812,,Stage Capabilities: Drive-by Target
813,[],action.malware.variety.Unknown,,T1608.005,813,[],813,,Stage Capabilities: Link Target
814,[],action.malware.variety.Unknown,,T1610,814,[],814,,Deploy Container
815,[],action.malware.variety.Unknown,,T1612,815,[],815,,Build Image on Host
816,[],action.malware.vector.Email attachment,,T1566.001,816,[],816,,Phishing: Spearphishing Attachment
817,[],action.social.variety.Phishing,,T1566.001,817,[],817,,Phishing: Spearphishing Attachment
818,[],action.social.vector.Email,,T1566.001,818,[],818,,Phishing: Spearphishing Attachment
819,[],action.malware.vector.Email attachment,,T1598.002,819,[],819,,Phishing for Information: Spearphishing Attachment
820,[],action.social.variety.Phishing,,T1598.002,820,[],820,,Phishing for Information: Spearphishing Attachment
821,[],action.social.variety.Pretexting,,T1598.002,821,[],821,,Phishing for Information: Spearphishing Attachment
822,[],value_chain.targeting.variety.Organizational Information,,T1598.002,822,[],822,,Phishing for Information: Spearphishing Attachment
823,[],action.malware.vector.Email link,,T1556.002,823,[],823,,Phishing: Spearphishing Link
824,[],attribute.integrity.variety.Modify configuration,,T1556.002,824,[],824,,Phishing: Spearphishing Link
825,[],attribute.integrity.variety.Modify privileges,,T1556.002,825,[],825,,Phishing: Spearphishing Link
826,[],action.malware.vector.Email link,,T1598.003,826,[],826,,Phishing for Information: Spearphishing Link
827,[],action.social.variety.Phishing,,T1598.003,827,[],827,,Phishing for Information: Spearphishing Link
828,[],action.social.variety.Pretexting,,T1598.003,828,[],828,,Phishing for Information: Spearphishing Link
829,[],value_chain.targeting.variety.Organizational Information,,T1598.003,829,[],829,,Phishing for Information: Spearphishing Link
830,[],action.malware.vector.Instant messaging,,T1566,830,[],830,,Phishing
831,[],action.social.variety.Phishing,,T1566,831,[],831,,Phishing
832,[],action.malware.vector.Network propagation,,T1570,832,[],832,,Lateral Tool Transfer
833,[],action.malware.vector.Removable media,,T1092,833,[],833,,Communication Through Removable Media
834,[],action.malware.vector.Web application - drive-by,,T1189,834,[],834,,Drive-by Compromise
835,[],action.social.variety.Phishing,,T1566.002,835,[],835,,Phishing: Spearphishing Link
836,[],action.social.vector.Email,,T1566.002,836,[],836,,Phishing: Spearphishing Link
837,[],action.social.variety.Phishing,,T1566.003,837,[],837,,Phishing: Spearphishing via Service
838,[],action.social.vector.Email,,T1566.003,838,[],838,,Phishing: Spearphishing via Service
839,[],action.social.variety.Phishing,,T1598,839,[],839,,Phishing for Information
840,[],action.social.variety.Pretexting,,T1598,840,[],840,,Phishing for Information
841,[],value_chain.targeting.variety.Organizational Information,,T1598,841,[],841,,Phishing for Information
842,[],action.social.variety.Phishing,,T1598.001,842,[],842,,Phishing for Information: Spearphishing Service
843,[],action.social.variety.Pretexting,,T1598.001,843,[],843,,Phishing for Information: Spearphishing Service
844,[],value_chain.targeting.variety.Organizational Information,,T1598.001,844,[],844,,Phishing for Information: Spearphishing Service
845,[],action.social.variety.Pretexting,,T1534,845,[],845,,Internal Spearphishing
846,[],attribute.integrity.variety.Misrepresentation,,T1534,846,[],846,,Internal Spearphishing
847,[],action.social.variety.Pretexting,,T1585,847,[],847,,Establish Accounts
848,[],value_chain.development.variety.Persona,,T1585,848,[],848,,Establish Accounts
849,[],action.social.variety.Pretexting,,T1585.001,849,[],849,,Establish Accounts: Social Media Accounts
850,[],value_chain.development.variety.Persona,,T1585.001,850,[],850,,Establish Accounts: Social Media Accounts
851,[],action.social.variety.Pretexting,,T1585.002,851,[],851,,Establish Accounts: Email Account
852,[],value_chain.development.variety.Persona,,T1585.002,852,[],852,,Establish Accounts: Email Account
853,[],attribute.integrity.variety.Alter behavior,,T1546.001,853,[],853,,Event Triggered Execution: Change Default File Association
854,[],attribute.integrity.variety.Alter behavior,,T1546.002,854,[],854,,Event Triggered Execution Screensaver
855,[],attribute.integrity.variety.Alter behavior,,T1546.003,855,[],855,,Event Triggered Execution: Windows Management Instrumentation Event Subscription
856,[],attribute.integrity.variety.Alter behavior,,T1546.004,856,[],856,,Event Triggered Execution: Unix Shell Configuration Modification
857,[],attribute.integrity.variety.Alter behavior,,T1546.005,857,[],857,,Event Triggered Execution: Trap
858,[],attribute.integrity.variety.Alter behavior,,T1546.006,858,[],858,,Event Triggered Execution: LC_LOAD_DYLIB Addition
859,[],attribute.integrity.variety.Alter behavior,,T1546.007,859,[],859,,Event Triggered Execution: Netsh Helper DLL
860,[],attribute.integrity.variety.Alter behavior,,T1546.008,860,[],860,,Event Triggered Execution: Accessibility Features
861,[],attribute.integrity.variety.Alter behavior,,T1546.009,861,[],861,,Event Triggered Execution: AppCert DLLs
862,[],attribute.integrity.variety.Alter behavior,,T1546.010,862,[],862,,Event Triggered Execution: AppInit DLLs
863,[],attribute.integrity.variety.Alter behavior,,T1546.011,863,[],863,,Event Triggered Execution: Application Shimming
864,[],attribute.integrity.variety.Alter behavior,,T1546.012,864,[],864,,Event Triggered Execution: Image File Execution Options Injection
865,[],attribute.integrity.variety.Alter behavior,,T1546.013,865,[],865,,Event Triggered Execution: PowerShell Profile
866,[],attribute.integrity.variety.Alter behavior,,T1546.014,866,[],866,,Event Triggered Execution: Emond
867,[],attribute.integrity.variety.Alter behavior,,T1546.015,867,[],867,,Event Triggered Execution: Component Object Model Hijacking
868,[],attribute.integrity.variety.Created account,,T1136.001,868,[],868,,Create Account: Local Account
869,[],attribute.integrity.variety.Created account,,T1136.002,869,[],869,,Create Account: Domain Account
870,[],attribute.integrity.variety.Created account,,T1136.003,870,[],870,,Create Account: Cloud Account
871,[],attribute.integrity.variety.Defacement,,T1491,871,[],871,,Defacement
872,[],attribute.integrity.variety.Defacement,,T1491.001,872,[],872,,Defacement: Internal Defacement
873,[],attribute.integrity.variety.Defacement,,T1491.002,873,[],873,,Defacement: External Defacement
874,[],attribute.integrity.variety.Modify configuration,,T1037.001,874,[],874,,Boot or Logon Initialization Scripts: Logon Script (Windows)
875,[],attribute.integrity.variety.Modify configuration,,T1037.002,875,[],875,,Boot or Logon Initialization Scripts: Logon Script (Mac)
876,[],attribute.integrity.variety.Modify configuration,,T1037.003,876,[],876,,Boot or Logon Initialization Scripts: Network Logon Script
877,[],attribute.integrity.variety.Modify configuration,,T1037.004,877,[],877,,Boot or Logon Initialization Scripts: RC Scripts
878,[],attribute.integrity.variety.Modify configuration,,T1037.005,878,[],878,,Boot or Logon Initialization Scripts: Startup Items
879,[],attribute.integrity.variety.Modify configuration,,T1484,879,[],879,,Domain Policy Modification
880,[],attribute.integrity.variety.Modify configuration,,T1484.001,880,[],880,,Domain Policy Modification: Group Policy Modification
881,[],attribute.integrity.variety.Modify configuration,,T1484.002,881,[],881,,Domain Policy Modification: Domain Trust Modification
882,[],attribute.integrity.variety.Modify configuration,,T1547.001,882,[],882,,Boot or Logon Autostart Execution: Registry Run Keys / Startup Folder
883,[],attribute.integrity.variety.Modify configuration,,T1547.002,883,[],883,,Boot or Logon Autostart Execution: Authentication Package
884,[],attribute.integrity.variety.Modify configuration,,T1547.003,884,[],884,,Boot or Logon Autostart Execution: Time Providers
885,[],attribute.integrity.variety.Modify configuration,,T1547.004,885,[],885,,Boot or Logon Autostart Execution: Winlogon Helper DLL
886,[],attribute.integrity.variety.Modify configuration,,T1547.005,886,[],886,,Boot or Logon Autostart Execution: Security Support Provider
887,[],attribute.integrity.variety.Modify configuration,,T1547.006,887,[],887,,Boot or Logon Autostart Execution: Kernel Modules and Extensions
888,[],attribute.integrity.variety.Modify configuration,,T1547.007,888,[],888,,Boot or Logon Autostart Execution: Re-opened Applications
889,[],attribute.integrity.variety.Modify configuration,,T1547.008,889,[],889,,Boot or Logon Autostart Execution: LSASS Driver
890,[],attribute.integrity.variety.Modify configuration,,T1547.009,890,[],890,,Boot or Logon Autostart Execution: Shortcut Modification
891,[],attribute.integrity.variety.Modify configuration,,T1547.010,891,[],891,,Boot or Logon Autostart Execution: Port Monitors
892,[],attribute.integrity.variety.Modify configuration,,T1547.011,892,[],892,,Boot or Logon Autostart Execution: Plist Modification
893,[],attribute.integrity.variety.Modify configuration,,T1547.012,893,[],893,,Boot or Logon Autostart Execution: Print Processors
894,[],attribute.integrity.variety.Modify configuration,,T1547.013,894,[],894,,Boot or Logon Autostart Execution: XDG Autostart Entries
895,[],attribute.integrity.variety.Modify configuration,,T1556,895,[],895,,Modify Authentication Process
896,[],attribute.integrity.variety.Modify privileges,,T1556,896,[],896,,Modify Authentication Process
897,[],attribute.integrity.variety.Modify configuration,,T1556.001,897,[],897,,Modify Authentication Process: Domain Controller Authentication
898,[],attribute.integrity.variety.Modify privileges,,T1556.001,898,[],898,,Modify Authentication Process: Domain Controller Authentication
899,[],attribute.integrity.variety.Modify configuration,,T1556.003,899,[],899,,Modify Authentication Process: Pluggable Authentication Modules
900,[],attribute.integrity.variety.Modify privileges,,T1556.003,900,[],900,,Modify Authentication Process: Pluggable Authentication Modules
901,[],attribute.integrity.variety.Modify configuration,,T1556.004,901,[],901,,Modify Authentication Process: Network Device Authentication
902,[],attribute.integrity.variety.Modify privileges,,T1556.004,902,[],902,,Modify Authentication Process: Network Device Authentication
903,[],attribute.integrity.variety.Modify data,,T1565,903,[],903,,Data Manipulation
904,[],attribute.integrity.variety.Modify data,,T1565.001,904,[],904,,Data Manipulation: Stored Data Manipulation
905,[],attribute.integrity.variety.Modify data,,T1565.002,905,[],905,,Data Manipulation: Transmitted Data Manipulation
906,[],attribute.integrity.variety.Modify data,,T1565.003,906,[],906,,Data Manipulation: Runtime Data Manipulation
907,[],attribute.integrity.variety.Modify privileges,,T1098.001,907,[],907,,Account Manipulation: Additional Cloud Credentials
908,[],attribute.integrity.variety.Modify privileges,,T1098.002,908,[],908,,Account Manipulation: Exchange Email Delegate Permissions
909,[],attribute.integrity.variety.Modify privileges,,T1098.003,909,[],909,,Account Manipulation: Add Office 365 Global Administrator Role
910,[],attribute.integrity.variety.Modify privileges,,T1098.004,910,[],910,,Account Manipulation: SSH Authorized Keys
911,[],attribute.integrity.variety.Modify privileges,,T1547.014,911,[],911,,Boot or Logon Autostart Execution: Active Setup
912,[],attribute.integrity.variety.Repurpose,,T1535,912,[],912,,Unused/Unsupported Cloud Regions
